doctor_id,specialty,region,language,quality_score,daily_minutes,gender,age,race,service_type,services_count,experience_years,board_certified,hires_at,current_panel_size,expected_workload,max_workload,working_weeks_by_year
1,family_practice,South,es,0.689,360,F,55,Asian,group,4,30,True,,0,0.0,46800,"{""2023"": [1, 5, 6, 8, 10, 11, 14, 15, 17, 21, 23, 25, 27, 29, 30, 32, 34, 37, 38, 41, 44, 45, 46, 47, 49, 50]}"
2,family_practice,North,en,0.61,360,F,54,Black,group,4,14,True,,0,0.0,46800,"{""2023"": [3, 4, 9, 12, 13, 14, 16, 18, 20, 24, 25, 26, 28, 31, 32, 34, 37, 38, 39, 41, 42, 43, 48, 50, 51, 52]}"
3,family_practice,North,es,0.724,360,F,38,Other,solo,3,22,True,,0,0.0,46800,"{""2023"": [5, 8, 9, 10, 11, 14, 15, 16, 17, 18, 19, 23, 24, 25, 27, 30, 32, 36, 38, 39, 41, 42, 43, 45, 46, 50]}"
4,family_practice,East,en,0.735,360,F,54,Hispanic,solo,4,12,True,,0,0.0,46800,"{""2023"": [4, 8, 9, 10, 12, 13, 19, 20, 21, 22, 26, 28, 30, 31, 33, 34, 35, 36, 37, 38, 41, 42, 45, 47, 49, 50]}"
5,family_practice,East,es,0.665,360,F,47,Black,solo,4,7,True,,0,0.0,46800,"{""2023"": [6, 8, 9, 10, 11, 12, 14, 15, 16, 17, 21, 23, 24, 25, 26, 32, 34, 39, 41, 42, 44, 45, 48, 49, 50, 52]}"
6,family_practice,North,en,0.617,360,F,49,Asian,solo,2,9,True,,0,0.0,46800,"{""2023"": [4, 5, 6, 7, 9, 10, 13, 16, 17, 18, 23, 24, 25, 26, 27, 29, 30, 31, 32, 33, 35, 37, 45, 46, 49, 52]}"
7,family_practice,South,es,0.779,360,M,50,Asian,group,4,8,True,,0,0.0,46800,"{""2023"": [1, 6, 7, 8, 9, 11, 13, 16, 18, 24, 27, 28, 29, 30, 32, 33, 35, 37, 39, 40, 42, 43, 44, 45, 48, 52]}"
8,family_practice,East,es,0.804,360,M,65,White,group,2,39,False,,0,0.0,46800,"{""2023"": [1, 4, 5, 6, 7, 9, 10, 11, 15, 16, 23, 24, 25, 29, 31, 32, 33, 37, 38, 40, 42, 43, 44, 46, 49, 50]}"
9,family_practice,South,zh,0.85,360,M,57,Black,group,2,17,True,,0,0.0,46800,"{""2023"": [7, 8, 10, 12, 13, 14, 17, 18, 20, 23, 24, 25, 27, 29, 30, 31, 34, 37, 41, 42, 45, 46, 48, 49, 50, 51]}"
10,family_practice,North,es,0.694,360,M,34,Black,group,2,19,True,,0,0.0,46800,"{""2023"": [1, 2, 4, 7, 10, 12, 13, 15, 16, 18, 19, 22, 23, 28, 29, 39, 40, 43, 45, 46, 47, 48, 49, 50, 51, 52]}"
11,family_practice,North,es,0.84,360,M,42,Black,solo,4,13,True,,0,0.0,46800,"{""2023"": [3, 7, 8, 10, 11, 16, 19, 21, 23, 24, 25, 26, 27, 29, 32, 34, 35, 36, 37, 38, 39, 43, 46, 47, 48, 51]}"
12,family_practice,East,es,0.726,360,M,60,Other,group,5,29,False,,0,0.0,46800,"{""2023"": [2, 3, 6, 9, 10, 11, 13, 14, 15, 16, 18, 19, 24, 25, 26, 30, 33, 36, 37, 38, 42, 45, 47, 48, 49, 52]}"
13,family_practice,Central,es,0.893,360,F,32,White,group,2,28,True,,0,0.0,46800,"{""2023"": [1, 2, 4, 5, 8, 9, 10, 12, 16, 18, 19, 20, 21, 22, 24, 27, 28, 29, 34, 37, 41, 43, 44, 47, 50, 51]}"
14,family_practice,West,es,0.618,360,F,40,Asian,solo,4,3,True,,0,0.0,46800,"{""2023"": [1, 3, 4, 8, 9, 11, 12, 14, 21, 22, 25, 26, 27, 28, 29, 30, 35, 37, 40, 41, 43, 46, 47, 48, 50, 52]}"
15,family_practice,South,zh,0.783,360,M,63,White,solo,5,14,True,,0,0.0,46800,"{""2023"": [1, 2, 3, 6, 7, 8, 15, 16, 17, 20, 23, 25, 26, 27, 28, 29, 32, 34, 35, 37, 38, 46, 47, 49, 51, 52]}"
16,family_practice,East,es,0.749,360,F,49,Other,group,1,39,True,,0,0.0,46800,"{""2023"": [1, 2, 3, 4, 5, 7, 11, 12, 14, 19, 21, 22, 24, 25, 28, 29, 30, 35, 37, 39, 40, 42, 44, 46, 49, 50]}"
17,family_practice,East,es,0.961,360,M,44,Other,solo,4,38,True,,0,0.0,46800,"{""2023"": [1, 2, 7, 8, 9, 11, 13, 14, 15, 17, 19, 20, 24, 25, 26, 28, 29, 30, 31, 32, 37, 40, 42, 47, 51, 52]}"
18,family_practice,North,es,0.774,360,F,33,Other,group,2,19,True,,0,0.0,46800,"{""2023"": [1, 2, 5, 8, 9, 10, 12, 13, 15, 19, 20, 23, 24, 25, 26, 27, 29, 31, 32, 33, 35, 38, 40, 47, 50, 52]}"
19,family_practice,West,es,0.938,360,F,41,Asian,group,5,34,True,,0,0.0,46800,"{""2023"": [3, 5, 6, 7, 9, 12, 14, 19, 22, 23, 24, 25, 27, 29, 30, 32, 33, 34, 35, 36, 42, 46, 47, 50, 51, 52]}"
20,family_practice,West,zh,0.721,360,F,47,Black,group,3,15,True,,0,0.0,46800,"{""2023"": [4, 5, 6, 7, 11, 15, 18, 19, 20, 22, 25, 26, 27, 28, 31, 33, 34, 35, 36, 39, 41, 42, 44, 47, 48, 50]}"
21,family_practice,Central,es,0.697,360,F,30,Other,solo,2,23,False,,0,0.0,46800,"{""2023"": [2, 3, 6, 7, 9, 13, 14, 15, 18, 19, 20, 21, 24, 25, 30, 31, 32, 34, 35, 38, 39, 40, 43, 44, 46, 47]}"
22,family_practice,North,zh,0.781,360,F,61,Black,solo,5,12,True,,0,0.0,46800,"{""2023"": [3, 4, 7, 9, 11, 12, 14, 15, 16, 17, 18, 19, 20, 21, 23, 27, 29, 30, 33, 36, 38, 42, 43, 44, 46, 49]}"
23,family_practice,Central,zh,0.888,360,F,62,Hispanic,group,1,12,False,,0,0.0,46800,"{""2023"": [1, 7, 9, 11, 12, 13, 15, 17, 19, 23, 24, 25, 27, 28, 33, 34, 35, 37, 39, 41, 43, 44, 46, 47, 48, 52]}"
24,family_practice,Central,zh,0.904,360,F,60,Black,group,5,40,True,,0,0.0,46800,"{""2023"": [1, 6, 10, 12, 16, 18, 19, 20, 21, 23, 25, 26, 28, 29, 30, 34, 36, 38, 39, 41, 42, 46, 47, 48, 49, 51]}"
25,family_practice,West,es,0.741,360,M,55,Hispanic,solo,1,20,True,,0,0.0,46800,"{""2023"": [3, 5, 6, 8, 14, 15, 17, 19, 21, 22, 23, 24, 25, 26, 28, 30, 32, 33, 34, 35, 36, 37, 41, 45, 46, 48]}"
26,family_practice,North,es,0.797,360,F,38,Other,group,3,16,True,,0,0.0,46800,"{""2023"": [1, 2, 5, 7, 8, 9, 10, 12, 13, 16, 24, 25, 27, 28, 29, 30, 32, 33, 34, 37, 40, 41, 42, 43, 51, 52]}"
27,family_practice,West,zh,0.877,360,M,60,Other,group,3,3,True,,0,0.0,46800,"{""2023"": [3, 5, 7, 8, 11, 12, 14, 16, 17, 18, 20, 21, 23, 24, 26, 28, 33, 36, 38, 39, 40, 43, 45, 46, 47, 49]}"
28,family_practice,East,zh,0.655,360,M,37,Black,group,2,3,True,,0,0.0,46800,"{""2023"": [2, 3, 4, 7, 8, 10, 13, 14, 15, 18, 21, 22, 23, 26, 27, 29, 30, 31, 32, 33, 35, 37, 40, 44, 47, 51]}"
29,family_practice,West,zh,0.844,360,F,40,Other,group,4,8,True,,0,0.0,46800,"{""2023"": [1, 3, 4, 5, 6, 8, 9, 11, 12, 13, 17, 18, 19, 20, 25, 28, 29, 31, 33, 34, 39, 42, 43, 45, 46, 49]}"
30,family_practice,South,zh,0.674,360,M,48,Asian,solo,1,21,True,,0,0.0,46800,"{""2023"": [3, 4, 6, 7, 13, 15, 17, 18, 19, 23, 25, 28, 29, 30, 31, 34, 35, 36, 37, 38, 43, 44, 46, 49, 50, 51]}"
31,family_practice,Central,en,0.97,360,F,32,Asian,group,5,26,True,,0,0.0,46800,"{""2023"": [8, 10, 11, 12, 13, 17, 18, 20, 21, 27, 28, 29, 30, 31, 32, 33, 34, 36, 37, 40, 44, 45, 46, 47, 49, 51]}"
32,family_practice,East,es,0.674,360,M,46,Other,solo,2,29,True,,0,0.0,46800,"{""2023"": [1, 2, 3, 8, 9, 11, 14, 15, 16, 17, 20, 21, 22, 23, 26, 29, 30, 32, 34, 38, 39, 43, 44, 45, 47, 51]}"
33,family_practice,North,zh,0.581,360,F,31,White,group,1,12,True,,0,0.0,46800,"{""2023"": [1, 2, 4, 5, 6, 10, 13, 15, 16, 19, 20, 22, 25, 29, 31, 32, 35, 36, 39, 41, 42, 43, 45, 46, 51, 52]}"
34,family_practice,West,zh,0.839,360,F,34,Black,solo,3,16,True,,0,0.0,46800,"{""2023"": [1, 2, 5, 6, 9, 10, 11, 13, 14, 15, 16, 17, 20, 22, 25, 30, 31, 32, 33, 36, 37, 38, 43, 45, 47, 49]}"
35,family_practice,North,es,0.977,360,F,62,Hispanic,solo,4,31,True,,0,0.0,46800,"{""2023"": [2, 3, 4, 5, 6, 7, 8, 9, 11, 12, 14, 15, 16, 20, 22, 24, 26, 36, 40, 41, 42, 44, 45, 48, 49, 52]}"
36,family_practice,East,en,0.943,360,F,46,Other,solo,4,17,True,,0,0.0,46800,"{""2023"": [3, 5, 6, 8, 9, 11, 14, 16, 18, 21, 22, 23, 28, 31, 32, 33, 35, 36, 37, 39, 42, 45, 47, 49, 50, 52]}"
37,family_practice,North,zh,0.567,360,M,65,Other,solo,3,7,True,,0,0.0,46800,"{""2023"": [2, 3, 6, 8, 9, 13, 16, 17, 18, 20, 24, 27, 29, 30, 31, 32, 33, 36, 37, 38, 39, 40, 42, 44, 47, 48]}"
38,family_practice,South,en,0.901,360,M,38,Black,solo,3,21,True,,0,0.0,46800,"{""2023"": [2, 5, 6, 7, 8, 9, 10, 13, 16, 18, 20, 21, 22, 23, 24, 26, 27, 28, 32, 35, 37, 38, 39, 46, 48, 49]}"
39,family_practice,West,es,0.866,360,F,46,Hispanic,solo,5,28,True,,0,0.0,46800,"{""2023"": [3, 4, 5, 9, 10, 11, 12, 14, 15, 16, 17, 19, 20, 22, 24, 25, 27, 29, 30, 31, 34, 35, 36, 39, 44, 52]}"
40,family_practice,North,zh,0.909,360,F,52,Other,solo,1,26,True,,0,0.0,46800,"{""2023"": [2, 4, 5, 6, 8, 9, 10, 13, 14, 15, 16, 18, 26, 27, 29, 32, 35, 36, 37, 40, 41, 46, 47, 50, 51, 52]}"
41,family_practice,East,en,0.933,360,M,56,Hispanic,solo,1,14,True,,0,0.0,46800,"{""2023"": [4, 5, 7, 9, 10, 11, 12, 13, 16, 17, 19, 20, 25, 26, 27, 28, 29, 32, 33, 36, 38, 40, 45, 46, 47, 52]}"
42,family_practice,Central,en,0.622,360,M,58,Other,solo,4,15,True,,0,0.0,46800,"{""2023"": [1, 2, 3, 5, 7, 8, 10, 11, 15, 20, 22, 23, 25, 29, 31, 34, 35, 37, 38, 43, 44, 45, 46, 49, 50, 51]}"
43,family_practice,South,zh,0.984,360,F,39,Asian,solo,4,34,True,,0,0.0,46800,"{""2023"": [1, 3, 4, 5, 8, 9, 13, 16, 17, 18, 23, 24, 25, 27, 31, 33, 34, 36, 38, 43, 44, 45, 46, 49, 51, 52]}"
44,family_practice,East,zh,0.8,360,F,47,Black,solo,5,40,True,,0,0.0,46800,"{""2023"": [1, 2, 3, 4, 5, 6, 14, 17, 20, 21, 25, 28, 31, 32, 33, 35, 36, 37, 38, 41, 44, 46, 47, 49, 50, 52]}"
45,family_practice,Central,zh,0.657,360,F,59,White,solo,3,38,True,,0,0.0,46800,"{""2023"": [1, 3, 5, 8, 9, 15, 19, 20, 21, 24, 25, 30, 32, 33, 34, 35, 36, 37, 39, 40, 43, 44, 46, 47, 49, 52]}"
46,family_practice,Central,zh,0.648,360,F,48,Hispanic,group,4,33,True,,0,0.0,46800,"{""2023"": [1, 3, 4, 7, 8, 10, 11, 12, 13, 14, 17, 18, 20, 22, 26, 31, 34, 35, 38, 41, 42, 45, 48, 50, 51, 52]}"
47,family_practice,South,zh,0.777,360,F,46,Asian,group,1,33,True,,0,0.0,46800,"{""2023"": [1, 3, 4, 6, 7, 8, 12, 13, 14, 15, 17, 18, 19, 20, 23, 28, 31, 35, 36, 39, 40, 41, 43, 44, 49, 51]}"
48,family_practice,Central,zh,0.854,360,F,59,Asian,solo,2,6,True,,0,0.0,46800,"{""2023"": [1, 4, 5, 6, 8, 10, 16, 18, 20, 22, 30, 31, 32, 34, 35, 37, 38, 39, 40, 41, 42, 44, 45, 48, 49, 52]}"
49,family_practice,South,es,0.767,360,F,51,Other,group,5,5,True,,0,0.0,46800,"{""2023"": [2, 3, 4, 6, 7, 8, 9, 11, 12, 14, 15, 19, 23, 25, 27, 28, 29, 33, 35, 39, 42, 43, 45, 46, 49, 52]}"
50,family_practice,East,es,0.856,360,F,43,White,group,3,36,True,,0,0.0,46800,"{""2023"": [1, 2, 6, 7, 8, 10, 11, 12, 14, 15, 18, 20, 25, 26, 27, 28, 32, 35, 36, 37, 38, 42, 45, 46, 50, 51]}"
51,family_practice,East,en,0.727,360,M,43,White,group,5,23,True,,0,0.0,46800,"{""2023"": [3, 7, 11, 13, 15, 16, 17, 19, 20, 21, 23, 24, 27, 29, 30, 31, 34, 35, 37, 39, 42, 43, 44, 46, 50, 52]}"
52,family_practice,East,zh,0.659,360,M,47,Other,group,1,12,True,,0,0.0,46800,"{""2023"": [1, 4, 6, 7, 8, 10, 11, 13, 15, 19, 20, 22, 24, 29, 32, 33, 35, 38, 40, 43, 44, 46, 47, 48, 50, 52]}"
53,family_practice,South,es,0.929,360,M,61,Asian,group,5,30,True,,0,0.0,46800,"{""2023"": [1, 2, 3, 4, 5, 7, 8, 10, 11, 13, 17, 18, 21, 23, 24, 25, 26, 27, 31, 34, 39, 42, 44, 48, 50, 52]}"
54,family_practice,Central,es,0.707,360,F,40,Asian,group,5,12,True,,0,0.0,46800,"{""2023"": [4, 9, 10, 12, 15, 19, 21, 24, 25, 26, 27, 28, 29, 36, 38, 39, 40, 41, 44, 45, 46, 47, 48, 49, 50, 52]}"
55,family_practice,North,zh,0.727,360,F,39,Asian,solo,4,18,True,,0,0.0,46800,"{""2023"": [5, 6, 12, 13, 14, 16, 17, 19, 20, 21, 22, 23, 24, 25, 26, 30, 32, 34, 35, 36, 38, 44, 45, 47, 48, 51]}"
56,family_practice,South,es,0.851,360,F,59,Other,solo,4,1,True,,0,0.0,46800,"{""2023"": [1, 2, 3, 4, 6, 9, 10, 13, 15, 16, 17, 18, 24, 30, 31, 32, 33, 34, 35, 36, 37, 38, 42, 43, 48, 51]}"
57,family_practice,Central,en,0.676,360,F,37,White,group,5,7,True,,0,0.0,46800,"{""2023"": [2, 5, 7, 11, 15, 18, 21, 22, 24, 25, 26, 28, 30, 31, 33, 34, 36, 37, 40, 41, 42, 43, 45, 46, 50, 52]}"
58,family_practice,South,en,0.599,360,F,41,Asian,group,2,20,True,,0,0.0,46800,"{""2023"": [4, 5, 6, 8, 10, 11, 13, 15, 16, 25, 26, 27, 30, 31, 32, 35, 36, 37, 38, 39, 44, 45, 46, 49, 50, 51]}"
59,family_practice,West,en,0.665,360,F,34,White,group,3,8,True,,0,0.0,46800,"{""2023"": [2, 3, 4, 7, 8, 9, 10, 12, 14, 16, 19, 21, 22, 23, 24, 25, 28, 29, 33, 36, 37, 43, 45, 46, 49, 52]}"
60,family_practice,North,en,0.796,360,F,33,Asian,solo,1,16,True,,0,0.0,46800,"{""2023"": [2, 4, 6, 7, 8, 9, 11, 12, 15, 17, 18, 19, 20, 24, 25, 29, 34, 38, 39, 40, 41, 42, 44, 46, 49, 50]}"
61,family_practice,West,zh,0.827,360,M,37,Other,group,4,26,True,,0,0.0,46800,"{""2023"": [2, 3, 4, 8, 11, 13, 14, 15, 16, 19, 21, 25, 27, 29, 30, 31, 32, 37, 38, 40, 43, 44, 46, 47, 48, 51]}"
62,family_practice,West,en,0.78,360,F,43,Black,group,4,22,True,,0,0.0,46800,"{""2023"": [2, 7, 8, 10, 14, 17, 18, 19, 25, 29, 30, 31, 33, 34, 35, 36, 37, 38, 39, 40, 41, 42, 44, 48, 49, 50]}"
63,family_practice,South,es,0.651,360,F,62,Black,group,5,32,True,,0,0.0,46800,"{""2023"": [2, 4, 5, 8, 9, 11, 12, 14, 15, 17, 20, 21, 22, 25, 28, 31, 32, 34, 35, 37, 38, 40, 41, 45, 46, 52]}"
64,family_practice,West,es,0.588,360,M,61,White,group,4,17,True,,0,0.0,46800,"{""2023"": [1, 3, 5, 6, 8, 9, 13, 17, 18, 19, 20, 23, 25, 28, 31, 33, 35, 37, 38, 39, 44, 46, 47, 48, 49, 52]}"
65,family_practice,South,en,0.915,360,F,31,Other,solo,5,1,True,,0,0.0,46800,"{""2023"": [1, 4, 5, 7, 8, 9, 11, 14, 17, 18, 19, 21, 22, 24, 25, 26, 28, 29, 34, 35, 39, 41, 44, 47, 50, 51]}"
66,family_practice,South,en,0.799,360,M,62,Hispanic,group,4,34,False,,0,0.0,46800,"{""2023"": [1, 5, 6, 7, 8, 9, 11, 13, 14, 16, 17, 18, 19, 25, 27, 32, 33, 35, 36, 39, 43, 45, 47, 49, 50, 51]}"
67,family_practice,East,es,0.787,360,F,60,Other,solo,1,17,True,,0,0.0,46800,"{""2023"": [1, 3, 4, 5, 7, 9, 11, 12, 17, 18, 19, 26, 27, 28, 29, 31, 33, 34, 35, 38, 39, 40, 44, 45, 47, 51]}"
68,family_practice,Central,en,0.633,360,M,40,Black,solo,4,6,True,,0,0.0,46800,"{""2023"": [1, 4, 5, 7, 8, 10, 13, 16, 18, 19, 20, 22, 23, 24, 26, 30, 31, 34, 37, 42, 44, 47, 48, 49, 50, 51]}"
69,family_practice,East,en,0.605,360,M,49,Other,solo,1,16,True,,0,0.0,46800,"{""2023"": [2, 6, 9, 11, 14, 16, 19, 21, 22, 24, 25, 26, 30, 31, 34, 36, 37, 38, 40, 42, 44, 45, 46, 49, 51, 52]}"
70,family_practice,Central,zh,0.959,360,M,45,Other,solo,3,29,True,,0,0.0,46800,"{""2023"": [1, 2, 5, 7, 8, 11, 12, 13, 15, 16, 17, 22, 24, 25, 27, 28, 29, 31, 36, 37, 39, 43, 45, 47, 49, 52]}"
71,family_practice,East,es,0.604,360,F,46,Black,group,1,11,True,,0,0.0,46800,"{""2023"": [1, 2, 4, 5, 6, 9, 11, 12, 13, 14, 15, 17, 18, 20, 21, 23, 24, 26, 27, 29, 31, 39, 40, 43, 45, 49]}"
72,family_practice,Central,en,0.856,360,M,46,White,solo,5,9,True,,0,0.0,46800,"{""2023"": [1, 2, 3, 6, 14, 16, 19, 20, 21, 24, 25, 29, 33, 35, 36, 37, 39, 40, 41, 42, 44, 45, 47, 48, 49, 50]}"
73,family_practice,Central,en,0.826,360,M,56,Black,solo,5,33,True,,0,0.0,46800,"{""2023"": [2, 3, 5, 8, 11, 13, 14, 15, 17, 18, 20, 21, 22, 25, 27, 29, 32, 33, 34, 36, 37, 43, 48, 50, 51, 52]}"
74,family_practice,North,en,0.82,360,F,40,Asian,group,4,38,True,,0,0.0,46800,"{""2023"": [2, 3, 4, 5, 7, 8, 10, 12, 14, 16, 17, 19, 20, 21, 22, 26, 28, 30, 33, 36, 38, 41, 42, 43, 44, 51]}"
75,family_practice,South,en,0.669,360,M,61,Black,group,3,17,True,,0,0.0,46800,"{""2023"": [1, 5, 6, 7, 8, 15, 17, 18, 20, 24, 26, 32, 34, 35, 36, 37, 40, 41, 42, 43, 45, 46, 47, 48, 49, 51]}"
76,family_practice,West,en,0.853,360,M,50,Hispanic,solo,2,10,True,,0,0.0,46800,"{""2023"": [1, 2, 3, 5, 9, 11, 12, 13, 14, 17, 18, 19, 23, 26, 29, 33, 35, 37, 40, 44, 45, 46, 49, 50, 51, 52]}"
77,family_practice,Central,es,0.764,360,F,33,White,group,5,14,True,,0,0.0,46800,"{""2023"": [2, 3, 5, 6, 8, 9, 14, 21, 23, 24, 25, 28, 31, 35, 37, 38, 40, 41, 42, 43, 44, 45, 47, 48, 49, 50]}"
78,family_practice,West,zh,0.766,360,M,54,Asian,group,5,23,True,,0,0.0,46800,"{""2023"": [2, 5, 6, 7, 8, 10, 14, 16, 18, 19, 20, 22, 23, 29, 32, 33, 36, 38, 39, 40, 42, 43, 45, 47, 48, 51]}"
79,family_practice,Central,es,0.934,360,F,46,Asian,solo,1,38,True,,0,0.0,46800,"{""2023"": [1, 5, 9, 10, 12, 15, 17, 18, 19, 20, 21, 22, 24, 26, 27, 30, 32, 33, 35, 36, 37, 39, 45, 46, 50, 51]}"
80,family_practice,South,es,0.994,360,M,53,Other,group,3,38,True,,0,0.0,46800,"{""2023"": [2, 3, 4, 7, 11, 15, 16, 18, 22, 25, 28, 29, 30, 31, 32, 34, 35, 36, 40, 41, 42, 45, 46, 49, 51, 52]}"
81,family_practice,East,es,0.714,360,F,48,Hispanic,solo,3,30,True,,0,0.0,46800,"{""2023"": [2, 3, 4, 7, 9, 12, 14, 16, 18, 19, 20, 21, 23, 24, 28, 31, 35, 36, 38, 39, 41, 45, 46, 47, 48, 49]}"
82,family_practice,North,es,0.908,360,F,60,Asian,group,3,16,True,,0,0.0,46800,"{""2023"": [3, 4, 7, 11, 12, 14, 15, 18, 21, 22, 23, 24, 28, 29, 31, 32, 33, 36, 40, 42, 44, 46, 48, 49, 50, 51]}"
83,family_practice,West,es,0.622,360,F,45,Black,solo,3,2,False,,0,0.0,46800,"{""2023"": [4, 6, 7, 10, 11, 13, 14, 16, 17, 18, 19, 20, 21, 23, 25, 26, 27, 28, 29, 36, 39, 44, 45, 47, 50, 51]}"
84,family_practice,North,en,0.91,360,M,38,Black,group,4,27,True,,0,0.0,46800,"{""2023"": [1, 3, 5, 6, 9, 11, 12, 18, 19, 22, 26, 28, 30, 31, 32, 34, 37, 38, 39, 40, 41, 44, 46, 47, 51, 52]}"
85,family_practice,South,zh,0.756,360,F,61,Asian,group,2,38,True,,0,0.0,46800,"{""2023"": [2, 4, 9, 10, 14, 15, 18, 20, 22, 24, 25, 28, 29, 30, 31, 34, 36, 38, 39, 40, 43, 45, 46, 48, 49, 52]}"
86,family_practice,South,en,0.61,360,M,46,Other,group,4,29,True,,0,0.0,46800,"{""2023"": [1, 3, 7, 8, 11, 13, 14, 15, 16, 17, 18, 21, 24, 25, 29, 30, 31, 32, 33, 34, 35, 45, 46, 48, 50, 52]}"
87,family_practice,South,es,0.636,360,F,56,Other,group,3,36,True,,0,0.0,46800,"{""2023"": [2, 7, 8, 11, 13, 15, 16, 18, 22, 23, 25, 27, 28, 29, 31, 33, 34, 35, 36, 39, 40, 43, 45, 49, 50, 51]}"
88,family_practice,Central,zh,0.741,360,M,43,Asian,solo,3,26,True,,0,0.0,46800,"{""2023"": [2, 3, 4, 6, 7, 9, 14, 16, 17, 18, 24, 25, 27, 29, 35, 36, 37, 38, 39, 40, 44, 46, 47, 48, 51, 52]}"
89,family_practice,South,es,0.798,360,F,31,Hispanic,group,4,33,True,,0,0.0,46800,"{""2023"": [2, 5, 6, 7, 9, 12, 17, 18, 21, 22, 24, 25, 29, 30, 33, 35, 37, 40, 42, 43, 45, 46, 48, 49, 50, 52]}"
90,family_practice,West,zh,0.789,360,F,40,Asian,solo,4,38,True,,0,0.0,46800,"{""2023"": [2, 4, 5, 7, 11, 14, 16, 17, 18, 19, 24, 27, 30, 31, 33, 38, 39, 40, 41, 43, 47, 48, 49, 50, 51, 52]}"
91,family_practice,Central,en,0.68,360,F,35,White,solo,1,10,True,,0,0.0,46800,"{""2023"": [1, 4, 5, 6, 9, 10, 11, 12, 15, 17, 18, 21, 23, 26, 29, 33, 34, 37, 38, 41, 42, 43, 44, 47, 48, 49]}"
92,family_practice,West,en,0.781,360,F,61,Black,solo,5,25,False,,0,0.0,46800,"{""2023"": [2, 6, 7, 8, 10, 11, 12, 13, 15, 16, 18, 26, 28, 29, 30, 31, 32, 33, 37, 39, 40, 43, 45, 47, 51, 52]}"
93,family_practice,North,es,0.776,360,F,59,Asian,group,2,25,True,,0,0.0,46800,"{""2023"": [3, 4, 5, 6, 9, 10, 11, 12, 13, 17, 18, 20, 23, 24, 25, 30, 33, 35, 37, 39, 40, 43, 47, 50, 51, 52]}"
94,family_practice,West,es,0.613,360,M,38,Asian,group,4,24,False,,0,0.0,46800,"{""2023"": [3, 7, 8, 10, 11, 12, 13, 16, 18, 23, 24, 26, 27, 28, 29, 31, 33, 35, 38, 40, 41, 42, 47, 48, 49, 51]}"
95,family_practice,Central,zh,0.688,360,M,36,Other,group,3,3,True,,0,0.0,46800,"{""2023"": [3, 5, 6, 8, 9, 11, 12, 14, 15, 17, 18, 21, 24, 26, 27, 29, 31, 32, 34, 36, 37, 38, 47, 48, 49, 50]}"
96,family_practice,West,es,0.611,360,M,64,Other,solo,2,16,True,,0,0.0,46800,"{""2023"": [1, 3, 4, 5, 6, 8, 10, 11, 12, 13, 14, 18, 20, 21, 24, 26, 27, 30, 32, 38, 39, 41, 42, 45, 48, 52]}"
97,family_practice,North,es,0.611,360,M,35,Black,solo,3,3,False,,0,0.0,46800,"{""2023"": [1, 4, 6, 7, 8, 9, 10, 11, 12, 14, 16, 19, 23, 26, 27, 31, 34, 35, 38, 39, 41, 44, 46, 47, 48, 50]}"
98,family_practice,East,zh,0.826,360,F,36,Other,group,4,38,True,,0,0.0,46800,"{""2023"": [5, 7, 8, 11, 14, 18, 25, 26, 27, 28, 29, 32, 33, 34, 35, 37, 39, 40, 41, 43, 45, 46, 47, 49, 50, 52]}"
99,family_practice,West,zh,0.95,360,M,37,Asian,solo,1,27,True,,0,0.0,46800,"{""2023"": [2, 3, 5, 6, 11, 12, 13, 14, 16, 17, 18, 20, 21, 25, 26, 28, 29, 31, 32, 33, 35, 40, 42, 48, 49, 51]}"
100,family_practice,West,zh,0.763,360,F,35,Other,solo,5,10,True,,0,0.0,46800,"{""2023"": [2, 4, 6, 7, 8, 12, 13, 14, 18, 19, 20, 21, 23, 25, 28, 33, 35, 36, 39, 40, 41, 44, 45, 49, 50, 52]}"
101,family_practice,South,zh,0.831,360,M,34,White,group,2,20,True,,0,0.0,46800,"{""2023"": [6, 8, 9, 10, 12, 13, 15, 21, 22, 23, 25, 26, 27, 28, 29, 31, 33, 34, 35, 36, 40, 46, 47, 50, 51, 52]}"
102,family_practice,East,zh,0.706,360,M,63,Black,solo,3,1,True,,0,0.0,46800,"{""2023"": [2, 3, 7, 8, 9, 15, 17, 18, 20, 21, 23, 24, 25, 26, 29, 31, 34, 37, 40, 41, 42, 43, 44, 45, 49, 52]}"
103,family_practice,North,zh,0.912,360,F,53,Other,solo,3,6,True,,0,0.0,46800,"{""2023"": [2, 8, 9, 11, 17, 18, 19, 21, 22, 23, 25, 26, 28, 30, 32, 33, 35, 36, 37, 38, 40, 42, 43, 47, 48, 51]}"
104,family_practice,South,en,0.924,360,F,44,Hispanic,solo,1,9,True,,0,0.0,46800,"{""2023"": [2, 4, 6, 7, 11, 13, 19, 20, 22, 24, 27, 34, 35, 36, 37, 38, 40, 41, 42, 46, 47, 48, 49, 50, 51, 52]}"
105,family_practice,East,es,0.809,360,F,52,Hispanic,solo,3,18,True,,0,0.0,46800,"{""2023"": [2, 3, 10, 11, 13, 15, 16, 17, 20, 21, 22, 26, 28, 30, 31, 32, 33, 34, 35, 38, 40, 41, 43, 47, 51, 52]}"
106,family_practice,North,zh,0.711,360,M,46,White,group,1,34,True,,0,0.0,46800,"{""2023"": [1, 2, 5, 8, 10, 11, 15, 18, 21, 22, 25, 26, 27, 32, 33, 34, 37, 38, 40, 41, 43, 45, 47, 49, 50, 51]}"
107,family_practice,Central,zh,0.565,360,M,57,Other,solo,5,7,True,,0,0.0,46800,"{""2023"": [1, 4, 6, 8, 13, 16, 17, 20, 23, 24, 26, 27, 29, 30, 32, 33, 35, 38, 39, 40, 41, 42, 43, 44, 46, 51]}"
108,family_practice,West,en,0.676,360,M,51,Black,group,1,30,True,,0,0.0,46800,"{""2023"": [2, 3, 4, 7, 8, 11, 15, 16, 17, 19, 20, 22, 24, 26, 28, 29, 30, 31, 32, 34, 36, 41, 43, 49, 50, 52]}"
109,family_practice,East,zh,0.922,360,F,43,Asian,group,2,26,False,,0,0.0,46800,"{""2023"": [1, 2, 4, 5, 6, 7, 8, 10, 12, 13, 14, 16, 17, 19, 23, 24, 29, 31, 32, 33, 35, 37, 39, 41, 47, 50]}"
110,family_practice,Central,en,0.723,360,M,48,Asian,solo,1,28,True,,0,0.0,46800,"{""2023"": [2, 3, 5, 6, 8, 12, 13, 14, 15, 17, 21, 24, 26, 28, 34, 36, 37, 38, 39, 42, 43, 44, 45, 46, 47, 51]}"
111,family_practice,Central,es,0.959,360,F,64,White,group,1,37,True,,0,0.0,46800,"{""2023"": [1, 2, 4, 5, 6, 10, 11, 13, 16, 17, 19, 20, 21, 23, 26, 30, 32, 35, 38, 39, 41, 42, 45, 46, 47, 50]}"
112,family_practice,East,es,0.772,360,F,38,Asian,group,1,2,True,,0,0.0,46800,"{""2023"": [1, 5, 6, 9, 10, 14, 18, 19, 21, 22, 23, 24, 26, 27, 29, 30, 33, 37, 39, 40, 41, 43, 44, 45, 47, 49]}"
113,family_practice,East,zh,0.828,360,M,43,Other,solo,1,18,True,,0,0.0,46800,"{""2023"": [2, 3, 4, 5, 7, 10, 12, 15, 17, 18, 19, 20, 22, 23, 24, 27, 30, 32, 33, 36, 37, 38, 41, 45, 46, 47]}"
114,family_practice,South,en,0.616,360,F,46,Asian,group,2,25,True,,0,0.0,46800,"{""2023"": [3, 4, 5, 8, 9, 10, 12, 16, 19, 21, 23, 25, 27, 30, 31, 32, 33, 34, 36, 38, 41, 42, 45, 46, 47, 48]}"
115,family_practice,South,en,0.828,360,M,37,Other,group,2,35,True,,0,0.0,46800,"{""2023"": [4, 6, 9, 15, 16, 18, 19, 20, 22, 27, 28, 30, 31, 32, 35, 37, 39, 41, 42, 43, 46, 48, 49, 50, 51, 52]}"
116,family_practice,North,en,0.887,360,M,60,Other,group,2,22,False,,0,0.0,46800,"{""2023"": [5, 8, 10, 12, 13, 15, 17, 18, 19, 20, 21, 22, 24, 27, 29, 30, 31, 33, 34, 37, 38, 40, 47, 48, 49, 51]}"
117,family_practice,Central,es,0.733,360,M,51,Hispanic,group,3,39,True,,0,0.0,46800,"{""2023"": [2, 4, 7, 10, 11, 13, 14, 15, 17, 21, 22, 27, 29, 31, 36, 37, 40, 41, 42, 43, 44, 45, 48, 49, 50, 51]}"
118,family_practice,North,zh,0.799,360,M,65,Asian,solo,1,39,True,,0,0.0,46800,"{""2023"": [1, 2, 5, 12, 13, 15, 16, 19, 21, 22, 23, 26, 27, 28, 29, 30, 31, 32, 33, 34, 36, 38, 40, 43, 44, 46]}"
119,family_practice,South,zh,0.793,360,F,44,Asian,solo,4,23,True,,0,0.0,46800,"{""2023"": [1, 3, 4, 5, 6, 9, 14, 15, 18, 19, 21, 23, 24, 26, 28, 29, 32, 33, 35, 36, 37, 38, 41, 42, 46, 49]}"
120,family_practice,North,zh,0.685,360,M,43,White,group,3,29,True,,0,0.0,46800,"{""2023"": [3, 5, 6, 7, 8, 9, 10, 12, 13, 15, 16, 21, 23, 24, 27, 28, 29, 30, 31, 32, 36, 41, 45, 47, 51, 52]}"
121,family_practice,East,zh,0.684,360,M,60,Asian,group,2,18,True,,0,0.0,46800,"{""2023"": [1, 3, 4, 8, 9, 10, 11, 12, 14, 15, 17, 20, 21, 26, 28, 29, 32, 35, 36, 40, 41, 42, 44, 47, 50, 51]}"
122,family_practice,West,es,0.932,360,F,32,Other,solo,1,30,True,,0,0.0,46800,"{""2023"": [1, 4, 5, 6, 8, 10, 11, 12, 13, 16, 17, 18, 22, 26, 29, 30, 31, 33, 34, 35, 36, 37, 44, 46, 47, 49]}"
123,family_practice,West,en,0.875,360,M,51,Other,group,5,27,False,,0,0.0,46800,"{""2023"": [1, 4, 7, 8, 9, 10, 11, 16, 17, 20, 21, 25, 26, 28, 31, 32, 33, 34, 35, 37, 40, 45, 46, 47, 50, 51]}"
124,family_practice,East,en,0.88,360,F,57,Hispanic,group,5,11,True,,0,0.0,46800,"{""2023"": [4, 6, 7, 9, 12, 13, 17, 18, 21, 22, 23, 24, 28, 29, 31, 33, 35, 38, 40, 43, 44, 46, 47, 49, 50, 52]}"
125,family_practice,Central,zh,0.654,360,F,31,Asian,solo,5,20,True,,0,0.0,46800,"{""2023"": [1, 2, 5, 6, 7, 8, 9, 10, 11, 13, 15, 16, 18, 20, 25, 26, 30, 33, 35, 40, 44, 46, 48, 49, 50, 51]}"
126,family_practice,North,zh,0.627,360,F,42,Other,solo,2,16,True,,0,0.0,46800,"{""2023"": [2, 4, 7, 8, 12, 13, 16, 18, 20, 22, 23, 26, 28, 29, 31, 33, 35, 37, 38, 39, 42, 44, 46, 47, 48, 50]}"
127,family_practice,North,en,0.832,360,M,40,Black,group,5,22,True,,0,0.0,46800,"{""2023"": [1, 3, 4, 5, 13, 15, 18, 19, 20, 21, 26, 28, 29, 30, 34, 35, 36, 37, 38, 39, 42, 43, 46, 48, 50, 52]}"
128,family_practice,West,en,0.841,360,F,50,White,solo,1,6,True,,0,0.0,46800,"{""2023"": [3, 5, 7, 10, 11, 13, 14, 15, 17, 19, 20, 22, 23, 24, 25, 29, 33, 34, 36, 39, 44, 45, 47, 48, 49, 51]}"
129,family_practice,South,es,0.861,360,F,37,Other,group,2,33,True,,0,0.0,46800,"{""2023"": [1, 2, 3, 8, 10, 12, 15, 19, 22, 23, 24, 25, 27, 28, 29, 30, 31, 32, 34, 38, 39, 41, 44, 46, 50, 52]}"
130,family_practice,West,en,0.945,360,M,50,White,group,3,23,True,,0,0.0,46800,"{""2023"": [5, 6, 7, 8, 11, 12, 16, 21, 23, 25, 27, 28, 30, 32, 33, 34, 35, 38, 39, 41, 42, 44, 45, 47, 48, 51]}"
131,family_practice,Central,es,0.886,360,F,63,Other,solo,4,10,True,,0,0.0,46800,"{""2023"": [1, 6, 11, 12, 13, 14, 16, 18, 20, 22, 23, 24, 25, 28, 29, 31, 32, 33, 35, 36, 39, 41, 42, 44, 47, 52]}"
132,family_practice,Central,es,0.962,360,F,41,Other,group,2,27,True,,0,0.0,46800,"{""2023"": [2, 3, 5, 7, 8, 13, 16, 17, 19, 21, 22, 24, 26, 27, 29, 31, 32, 33, 35, 37, 43, 44, 46, 47, 51, 52]}"
133,family_practice,Central,zh,0.642,360,F,35,Asian,group,4,39,True,,0,0.0,46800,"{""2023"": [1, 3, 9, 12, 13, 15, 16, 19, 21, 30, 31, 33, 34, 35, 36, 37, 40, 41, 42, 45, 46, 47, 48, 50, 51, 52]}"
134,family_practice,South,es,0.613,360,M,48,Asian,group,2,6,True,,0,0.0,46800,"{""2023"": [3, 5, 6, 7, 8, 12, 15, 16, 20, 21, 22, 27, 28, 30, 34, 36, 39, 40, 42, 43, 46, 47, 48, 49, 51, 52]}"
135,family_practice,North,en,0.929,360,F,55,Hispanic,solo,5,14,False,,0,0.0,46800,"{""2023"": [3, 4, 8, 10, 11, 14, 15, 17, 18, 22, 23, 25, 27, 29, 31, 34, 36, 38, 40, 42, 43, 47, 48, 49, 50, 51]}"
136,family_practice,East,en,0.604,360,M,56,Asian,group,2,20,True,,0,0.0,46800,"{""2023"": [1, 4, 10, 11, 14, 17, 18, 19, 20, 21, 25, 26, 27, 28, 30, 31, 32, 34, 36, 37, 38, 39, 42, 43, 44, 49]}"
137,family_practice,Central,zh,0.644,360,M,38,Asian,group,5,27,True,,0,0.0,46800,"{""2023"": [1, 2, 4, 5, 7, 9, 10, 17, 19, 21, 22, 24, 25, 26, 27, 30, 33, 34, 35, 36, 37, 39, 40, 41, 46, 50]}"
138,family_practice,Central,zh,0.732,360,F,47,Asian,solo,4,17,True,,0,0.0,46800,"{""2023"": [1, 9, 11, 17, 20, 22, 23, 26, 28, 30, 31, 33, 34, 35, 37, 39, 40, 41, 44, 45, 46, 47, 48, 49, 50, 51]}"
139,family_practice,East,zh,0.992,360,M,47,Black,solo,1,37,True,,0,0.0,46800,"{""2023"": [2, 3, 4, 5, 6, 7, 9, 12, 16, 18, 19, 20, 24, 25, 26, 28, 30, 32, 36, 39, 42, 44, 46, 50, 51, 52]}"
140,family_practice,West,es,0.898,360,F,32,Hispanic,group,5,34,True,,0,0.0,46800,"{""2023"": [1, 3, 6, 7, 8, 11, 12, 13, 14, 15, 16, 17, 21, 22, 24, 25, 31, 34, 37, 39, 41, 43, 45, 46, 47, 48]}"
141,family_practice,South,en,0.846,360,F,43,Black,group,2,5,True,,0,0.0,46800,"{""2023"": [1, 3, 9, 10, 11, 12, 14, 15, 16, 19, 23, 25, 27, 28, 30, 31, 34, 37, 38, 39, 40, 41, 44, 45, 49, 52]}"
142,family_practice,Central,es,0.66,360,M,50,Asian,group,5,23,True,,0,0.0,46800,"{""2023"": [1, 3, 5, 7, 9, 11, 16, 17, 21, 22, 23, 24, 26, 27, 28, 30, 32, 34, 35, 37, 40, 43, 46, 48, 51, 52]}"
143,family_practice,West,zh,0.724,360,F,62,Asian,solo,5,36,False,,0,0.0,46800,"{""2023"": [3, 5, 6, 10, 11, 12, 13, 14, 17, 20, 21, 22, 24, 27, 29, 31, 32, 33, 36, 38, 39, 41, 42, 48, 51, 52]}"
144,family_practice,South,zh,0.619,360,M,36,Black,group,1,26,True,,0,0.0,46800,"{""2023"": [1, 2, 7, 8, 9, 11, 16, 17, 18, 19, 20, 21, 24, 25, 26, 27, 30, 32, 34, 37, 38, 40, 44, 47, 49, 51]}"
145,family_practice,Central,en,0.95,360,M,30,Black,group,5,23,True,,0,0.0,46800,"{""2023"": [2, 3, 4, 5, 6, 10, 11, 13, 16, 17, 18, 19, 24, 25, 26, 29, 32, 34, 41, 43, 45, 46, 47, 49, 51, 52]}"
146,family_practice,Central,en,0.914,360,F,31,Hispanic,group,4,2,True,,0,0.0,46800,"{""2023"": [3, 5, 6, 7, 8, 9, 11, 14, 16, 20, 21, 26, 28, 30, 31, 33, 34, 37, 38, 39, 41, 42, 43, 46, 47, 51]}"
147,family_practice,Central,en,0.717,360,M,31,Asian,group,4,19,True,,0,0.0,46800,"{""2023"": [1, 5, 7, 8, 11, 12, 13, 14, 15, 18, 20, 22, 23, 26, 27, 28, 29, 31, 33, 35, 39, 40, 47, 48, 49, 50]}"
148,family_practice,West,es,0.907,360,F,61,Other,group,1,39,True,,0,0.0,46800,"{""2023"": [3, 4, 7, 13, 16, 18, 19, 20, 21, 23, 24, 25, 26, 27, 28, 31, 32, 33, 34, 37, 40, 42, 45, 47, 49, 52]}"
149,family_practice,Central,zh,0.92,360,F,53,White,group,3,18,True,,0,0.0,46800,"{""2023"": [4, 5, 7, 9, 14, 16, 17, 18, 19, 20, 22, 24, 25, 27, 30, 34, 36, 37, 40, 41, 43, 44, 47, 48, 50, 52]}"
150,family_practice,South,zh,0.727,360,F,65,White,group,1,23,False,,0,0.0,46800,"{""2023"": [2, 3, 6, 9, 10, 11, 14, 15, 17, 18, 19, 20, 21, 24, 25, 26, 28, 31, 36, 37, 39, 40, 41, 46, 48, 50]}"
151,family_practice,North,zh,0.601,360,M,65,Black,solo,1,21,True,,0,0.0,46800,"{""2023"": [3, 6, 8, 11, 12, 13, 14, 17, 21, 23, 24, 25, 28, 29, 30, 33, 35, 36, 37, 39, 40, 43, 45, 46, 49, 51]}"
152,family_practice,West,es,0.888,360,F,49,Black,group,4,11,True,,0,0.0,46800,"{""2023"": [1, 2, 4, 5, 7, 10, 18, 19, 20, 25, 28, 31, 33, 34, 35, 36, 39, 40, 41, 42, 43, 44, 46, 47, 48, 51]}"
153,family_practice,East,en,0.759,360,F,48,Black,solo,4,39,True,,0,0.0,46800,"{""2023"": [2, 6, 7, 8, 10, 13, 16, 17, 19, 22, 24, 25, 26, 27, 28, 30, 32, 35, 38, 39, 42, 44, 46, 47, 48, 50]}"
154,family_practice,North,zh,0.639,360,M,42,Black,group,4,5,True,,0,0.0,46800,"{""2023"": [1, 3, 4, 5, 10, 11, 13, 15, 16, 19, 22, 23, 27, 28, 33, 35, 38, 40, 42, 43, 45, 47, 48, 49, 50, 52]}"
155,family_practice,West,zh,0.677,360,M,54,Other,group,3,22,True,,0,0.0,46800,"{""2023"": [1, 3, 9, 12, 14, 15, 18, 19, 20, 21, 22, 23, 24, 27, 28, 29, 31, 34, 38, 39, 40, 41, 43, 46, 49, 50]}"
156,family_practice,Central,en,0.702,360,F,35,Asian,group,2,30,True,,0,0.0,46800,"{""2023"": [1, 2, 4, 5, 9, 10, 12, 13, 17, 19, 24, 29, 30, 31, 32, 33, 34, 35, 38, 40, 41, 43, 44, 46, 51, 52]}"
157,family_practice,East,es,0.652,360,F,47,Black,group,4,12,False,,0,0.0,46800,"{""2023"": [6, 7, 8, 9, 12, 13, 18, 20, 21, 23, 26, 28, 29, 32, 34, 35, 37, 38, 39, 40, 42, 44, 45, 47, 48, 52]}"
158,family_practice,North,en,0.784,360,M,61,White,group,3,5,True,,0,0.0,46800,"{""2023"": [4, 5, 6, 12, 13, 15, 16, 18, 20, 21, 23, 24, 30, 35, 36, 37, 38, 41, 42, 43, 45, 46, 48, 50, 51, 52]}"
159,family_practice,East,zh,0.842,360,F,52,Hispanic,group,4,36,True,,0,0.0,46800,"{""2023"": [5, 6, 7, 8, 10, 11, 12, 13, 16, 18, 19, 20, 21, 22, 23, 24, 26, 28, 30, 34, 37, 41, 42, 45, 47, 51]}"
160,family_practice,Central,en,0.691,360,M,32,Hispanic,solo,2,25,True,,0,0.0,46800,"{""2023"": [1, 2, 5, 7, 15, 16, 17, 19, 20, 22, 23, 24, 26, 30, 31, 34, 36, 37, 38, 39, 40, 41, 43, 44, 45, 49]}"
161,family_practice,North,zh,0.918,360,F,43,Other,solo,5,25,True,,0,0.0,46800,"{""2023"": [1, 2, 4, 9, 12, 14, 18, 20, 22, 23, 25, 26, 28, 30, 31, 32, 33, 34, 38, 40, 43, 45, 47, 49, 51, 52]}"
162,family_practice,Central,en,0.733,360,F,56,Black,solo,1,30,True,,0,0.0,46800,"{""2023"": [2, 3, 5, 7, 8, 9, 13, 14, 18, 21, 23, 24, 25, 26, 28, 36, 37, 38, 41, 42, 45, 46, 48, 49, 50, 52]}"
163,family_practice,North,es,0.632,360,M,55,White,solo,2,8,True,,0,0.0,46800,"{""2023"": [1, 3, 6, 8, 10, 11, 13, 16, 19, 21, 22, 24, 25, 32, 34, 35, 36, 37, 38, 41, 44, 45, 46, 47, 50, 51]}"
164,family_practice,East,es,0.915,360,M,63,Black,group,3,19,True,,0,0.0,46800,"{""2023"": [1, 5, 7, 8, 9, 10, 11, 12, 13, 14, 15, 16, 17, 18, 19, 23, 24, 25, 26, 28, 30, 39, 45, 46, 48, 51]}"
165,family_practice,West,zh,0.714,360,F,31,White,group,2,1,True,,0,0.0,46800,"{""2023"": [3, 4, 5, 10, 12, 15, 17, 19, 20, 23, 24, 26, 27, 28, 29, 30, 32, 36, 40, 41, 42, 46, 47, 48, 49, 52]}"
166,family_practice,West,en,0.65,360,M,34,Black,solo,3,24,True,,0,0.0,46800,"{""2023"": [1, 3, 6, 9, 10, 12, 13, 14, 15, 19, 20, 21, 27, 30, 32, 33, 34, 35, 36, 37, 40, 42, 45, 46, 48, 49]}"
167,family_practice,South,zh,0.921,360,M,47,Other,solo,5,14,True,,0,0.0,46800,"{""2023"": [2, 3, 4, 9, 10, 11, 13, 15, 16, 17, 18, 19, 21, 23, 24, 26, 29, 32, 39, 41, 45, 47, 48, 50, 51, 52]}"
168,family_practice,Central,zh,0.731,360,M,35,Asian,group,3,33,True,,0,0.0,46800,"{""2023"": [3, 5, 6, 10, 11, 12, 13, 16, 17, 18, 19, 20, 21, 22, 23, 24, 27, 28, 29, 30, 34, 39, 40, 46, 47, 52]}"
169,family_practice,East,en,0.792,360,M,36,Hispanic,group,3,18,False,,0,0.0,46800,"{""2023"": [1, 3, 4, 6, 11, 12, 13, 15, 17, 19, 22, 25, 27, 29, 32, 34, 35, 37, 39, 40, 41, 43, 46, 47, 51, 52]}"
170,family_practice,Central,en,0.578,360,F,40,Black,solo,2,11,True,,0,0.0,46800,"{""2023"": [2, 3, 5, 7, 9, 11, 12, 13, 15, 17, 18, 19, 21, 23, 25, 27, 31, 32, 33, 36, 39, 40, 41, 48, 50, 52]}"
171,family_practice,South,zh,0.651,360,M,63,Black,solo,3,8,True,,0,0.0,46800,"{""2023"": [3, 6, 8, 9, 10, 11, 14, 17, 18, 21, 22, 23, 24, 25, 27, 29, 33, 35, 36, 38, 40, 41, 42, 43, 45, 46]}"
172,family_practice,South,zh,0.778,360,F,52,Asian,solo,4,22,True,,0,0.0,46800,"{""2023"": [1, 2, 3, 6, 7, 8, 9, 16, 18, 19, 20, 23, 26, 27, 28, 29, 31, 32, 33, 34, 37, 38, 39, 49, 51, 52]}"
173,family_practice,West,zh,0.594,360,M,60,Black,group,2,15,True,,0,0.0,46800,"{""2023"": [1, 2, 4, 6, 7, 8, 9, 10, 12, 15, 16, 18, 19, 24, 25, 26, 30, 33, 38, 40, 41, 42, 44, 45, 46, 48]}"
174,family_practice,Central,zh,0.766,360,M,34,Asian,group,4,13,True,,0,0.0,46800,"{""2023"": [1, 2, 3, 4, 7, 12, 14, 16, 18, 19, 22, 24, 25, 29, 31, 33, 34, 38, 40, 42, 43, 44, 47, 49, 50, 52]}"
175,family_practice,South,en,0.888,360,F,44,Asian,solo,4,3,True,,0,0.0,46800,"{""2023"": [1, 2, 4, 5, 7, 9, 12, 19, 20, 21, 23, 24, 26, 27, 28, 29, 30, 33, 35, 37, 39, 41, 42, 45, 50, 52]}"
176,family_practice,Central,zh,0.572,360,F,55,Other,group,5,3,True,,0,0.0,46800,"{""2023"": [2, 3, 6, 7, 10, 11, 13, 15, 17, 18, 19, 21, 24, 26, 27, 29, 30, 33, 34, 37, 40, 44, 47, 49, 51, 52]}"
177,family_practice,Central,es,0.831,360,M,32,Other,solo,5,20,True,,0,0.0,46800,"{""2023"": [2, 3, 5, 7, 8, 9, 10, 12, 15, 16, 18, 19, 22, 23, 25, 28, 33, 34, 36, 39, 40, 41, 43, 45, 47, 48]}"
178,family_practice,North,es,0.607,360,M,55,Other,group,4,22,True,,0,0.0,46800,"{""2023"": [1, 3, 4, 5, 6, 9, 11, 15, 16, 18, 19, 20, 21, 23, 25, 26, 27, 31, 32, 34, 38, 40, 42, 43, 48, 49]}"
179,family_practice,East,en,0.687,360,M,30,White,group,2,1,True,,0,0.0,46800,"{""2023"": [3, 10, 12, 13, 14, 15, 20, 23, 24, 25, 26, 30, 31, 32, 33, 35, 36, 37, 39, 40, 41, 43, 44, 50, 51, 52]}"
180,family_practice,North,en,0.956,360,F,37,White,group,2,18,True,,0,0.0,46800,"{""2023"": [2, 3, 6, 8, 9, 12, 13, 16, 18, 19, 20, 23, 26, 28, 29, 33, 36, 39, 40, 42, 46, 47, 48, 49, 51, 52]}"
181,family_practice,West,zh,0.902,360,F,36,Black,group,4,27,True,,0,0.0,46800,"{""2023"": [1, 4, 7, 8, 10, 14, 15, 18, 20, 21, 22, 24, 25, 28, 29, 30, 31, 32, 36, 39, 40, 41, 45, 47, 48, 50]}"
182,family_practice,East,es,0.695,360,F,65,Asian,group,3,29,True,,0,0.0,46800,"{""2023"": [2, 7, 10, 12, 14, 15, 21, 24, 25, 26, 27, 28, 29, 31, 32, 33, 35, 38, 41, 42, 44, 45, 47, 49, 50, 52]}"
183,family_practice,East,es,0.789,360,F,53,Other,solo,2,3,True,,0,0.0,46800,"{""2023"": [2, 5, 6, 8, 10, 13, 14, 15, 17, 19, 20, 21, 25, 28, 32, 33, 34, 38, 39, 41, 44, 45, 48, 50, 51, 52]}"
184,family_practice,North,en,0.727,360,F,64,Other,solo,2,34,True,,0,0.0,46800,"{""2023"": [1, 2, 3, 4, 6, 10, 14, 16, 18, 20, 22, 24, 26, 30, 31, 33, 34, 35, 37, 38, 39, 45, 48, 49, 50, 51]}"
185,family_practice,East,zh,0.951,360,F,50,Asian,solo,2,29,True,,0,0.0,46800,"{""2023"": [1, 2, 5, 9, 11, 13, 15, 17, 19, 20, 21, 23, 26, 32, 33, 34, 35, 36, 37, 38, 39, 40, 42, 43, 47, 50]}"
186,family_practice,South,zh,0.85,360,F,45,Other,solo,2,13,True,,0,0.0,46800,"{""2023"": [1, 2, 3, 5, 7, 8, 12, 13, 18, 19, 22, 23, 24, 25, 27, 28, 29, 30, 31, 33, 37, 39, 40, 43, 46, 50]}"
187,family_practice,West,es,0.737,360,M,62,Other,solo,2,28,True,,0,0.0,46800,"{""2023"": [2, 3, 4, 6, 8, 10, 11, 12, 13, 14, 15, 17, 20, 21, 22, 28, 29, 32, 33, 34, 37, 39, 44, 49, 50, 51]}"
188,family_practice,West,zh,0.843,360,M,41,Hispanic,solo,5,20,True,,0,0.0,46800,"{""2023"": [1, 7, 8, 11, 12, 13, 14, 15, 17, 18, 21, 23, 26, 29, 30, 31, 32, 33, 37, 40, 44, 45, 46, 47, 49, 50]}"
189,family_practice,West,es,0.948,360,F,59,Other,group,4,22,True,,0,0.0,46800,"{""2023"": [1, 3, 6, 8, 14, 15, 16, 18, 19, 21, 23, 27, 29, 30, 31, 32, 33, 36, 37, 39, 40, 42, 43, 44, 48, 49]}"
190,family_practice,South,es,0.645,360,F,62,Hispanic,group,5,20,True,,0,0.0,46800,"{""2023"": [5, 9, 10, 12, 13, 16, 17, 19, 21, 23, 26, 31, 33, 34, 36, 37, 38, 39, 41, 43, 44, 46, 49, 50, 51, 52]}"
191,family_practice,Central,es,0.732,360,F,57,Asian,solo,5,4,True,,0,0.0,46800,"{""2023"": [5, 6, 9, 10, 11, 12, 13, 14, 17, 18, 19, 20, 24, 27, 28, 32, 33, 35, 38, 39, 40, 41, 46, 47, 50, 52]}"
192,family_practice,East,es,0.681,360,M,36,Hispanic,solo,3,35,True,,0,0.0,46800,"{""2023"": [2, 3, 5, 6, 11, 12, 14, 17, 18, 20, 26, 27, 28, 30, 34, 36, 37, 39, 40, 41, 44, 45, 46, 47, 49, 51]}"
193,family_practice,West,zh,0.656,360,F,53,White,solo,2,5,False,,0,0.0,46800,"{""2023"": [1, 4, 5, 6, 10, 11, 13, 17, 19, 20, 22, 24, 26, 31, 32, 33, 34, 35, 40, 41, 45, 46, 47, 48, 49, 51]}"
194,family_practice,South,en,0.733,360,F,30,Asian,group,3,38,True,,0,0.0,46800,"{""2023"": [1, 2, 4, 7, 9, 10, 14, 15, 16, 17, 19, 22, 23, 24, 26, 30, 31, 36, 37, 38, 40, 43, 44, 47, 51, 52]}"
195,family_practice,Central,en,0.74,360,F,42,Black,group,3,25,True,,0,0.0,46800,"{""2023"": [2, 3, 4, 6, 8, 12, 13, 15, 16, 17, 20, 24, 25, 26, 28, 30, 31, 35, 36, 38, 40, 43, 47, 50, 51, 52]}"
196,family_practice,North,en,0.79,360,M,33,Asian,group,3,7,True,,0,0.0,46800,"{""2023"": [2, 3, 6, 10, 12, 13, 14, 17, 18, 19, 21, 25, 28, 29, 31, 35, 36, 37, 39, 41, 44, 45, 46, 48, 51, 52]}"
197,family_practice,North,es,0.795,360,F,61,Hispanic,solo,1,16,True,,0,0.0,46800,"{""2023"": [1, 3, 4, 5, 6, 10, 11, 12, 13, 14, 15, 17, 26, 28, 29, 34, 38, 40, 41, 42, 43, 44, 47, 48, 50, 51]}"
198,family_practice,East,es,0.674,360,M,36,White,solo,4,13,False,,0,0.0,46800,"{""2023"": [4, 5, 6, 11, 14, 18, 19, 21, 22, 25, 27, 29, 30, 31, 33, 35, 36, 37, 40, 41, 45, 48, 49, 50, 51, 52]}"
199,family_practice,Central,zh,0.628,360,F,59,Other,group,5,30,True,,0,0.0,46800,"{""2023"": [1, 2, 4, 5, 10, 15, 16, 18, 19, 22, 23, 24, 27, 29, 30, 31, 32, 34, 36, 37, 38, 44, 45, 49, 51, 52]}"
200,family_practice,Central,es,0.782,360,F,38,Other,group,1,14,True,,0,0.0,46800,"{""2023"": [2, 3, 5, 6, 10, 12, 15, 17, 18, 20, 23, 24, 25, 32, 33, 34, 35, 36, 37, 39, 41, 43, 44, 47, 48, 52]}"
201,internal_medicine,West,es,0.902,360,M,33,Asian,group,1,13,True,,0,0.0,46800,"{""2023"": [1, 2, 3, 4, 12, 13, 15, 19, 20, 22, 23, 24, 25, 28, 30, 31, 32, 35, 36, 38, 40, 41, 44, 46, 47, 51]}"
202,internal_medicine,Central,es,0.774,360,F,47,White,group,1,6,True,,0,0.0,46800,"{""2023"": [2, 3, 4, 6, 10, 12, 13, 16, 19, 20, 21, 22, 25, 26, 27, 29, 33, 36, 37, 40, 41, 44, 48, 49, 50, 52]}"
203,internal_medicine,West,zh,0.775,360,F,54,Black,group,4,24,True,,0,0.0,46800,"{""2023"": [1, 3, 4, 5, 6, 9, 11, 14, 15, 17, 20, 22, 23, 24, 29, 31, 33, 35, 38, 39, 42, 44, 48, 49, 50, 51]}"
204,internal_medicine,North,es,0.877,360,F,40,Other,group,4,15,True,,0,0.0,46800,"{""2023"": [2, 6, 7, 8, 10, 11, 12, 16, 19, 20, 26, 27, 28, 29, 30, 32, 34, 37, 38, 39, 44, 45, 48, 49, 50, 51]}"
205,internal_medicine,North,es,0.611,360,F,50,Black,group,2,5,True,,0,0.0,46800,"{""2023"": [3, 4, 6, 7, 10, 13, 15, 16, 18, 19, 20, 22, 26, 29, 31, 32, 41, 42, 43, 44, 45, 46, 48, 49, 51, 52]}"
206,internal_medicine,East,es,0.896,360,F,30,Hispanic,solo,4,18,True,,0,0.0,46800,"{""2023"": [1, 4, 7, 8, 9, 10, 11, 12, 16, 19, 23, 24, 25, 27, 30, 31, 33, 36, 39, 40, 43, 46, 47, 49, 50, 52]}"
207,internal_medicine,West,es,0.898,360,F,41,White,group,2,28,True,,0,0.0,46800,"{""2023"": [3, 7, 8, 13, 14, 16, 19, 20, 21, 23, 24, 25, 30, 31, 32, 34, 35, 36, 37, 38, 41, 43, 44, 47, 48, 51]}"
208,internal_medicine,East,zh,0.703,360,M,37,Black,group,4,30,False,,0,0.0,46800,"{""2023"": [4, 5, 6, 7, 9, 10, 11, 12, 16, 17, 21, 22, 23, 25, 26, 28, 29, 32, 33, 35, 36, 37, 39, 42, 47, 48]}"
209,internal_medicine,North,zh,0.875,360,M,59,Hispanic,solo,2,26,True,,0,0.0,46800,"{""2023"": [2, 5, 6, 8, 9, 10, 11, 12, 13, 14, 16, 17, 18, 21, 22, 23, 24, 25, 28, 29, 30, 31, 36, 37, 45, 48]}"
210,internal_medicine,Central,zh,0.789,360,F,39,Hispanic,solo,5,31,True,,0,0.0,46800,"{""2023"": [2, 3, 6, 8, 9, 12, 14, 18, 21, 24, 25, 26, 28, 30, 32, 34, 35, 36, 37, 38, 39, 41, 43, 47, 50, 51]}"
211,internal_medicine,South,zh,0.94,360,M,54,Hispanic,solo,3,8,False,,0,0.0,46800,"{""2023"": [1, 2, 6, 7, 9, 12, 13, 14, 17, 18, 20, 25, 26, 27, 29, 30, 32, 40, 41, 42, 43, 44, 46, 48, 50, 51]}"
212,internal_medicine,West,en,0.861,360,F,56,White,group,5,18,True,,0,0.0,46800,"{""2023"": [2, 3, 8, 9, 12, 13, 14, 15, 22, 23, 24, 27, 29, 30, 35, 36, 37, 38, 39, 41, 43, 45, 47, 48, 50, 51]}"
213,internal_medicine,West,en,0.688,360,F,48,Asian,group,1,18,True,,0,0.0,46800,"{""2023"": [5, 8, 9, 10, 11, 12, 15, 16, 17, 20, 21, 24, 28, 30, 31, 32, 34, 35, 36, 37, 39, 40, 43, 44, 45, 48]}"
214,internal_medicine,West,en,0.664,360,M,32,Asian,group,4,22,True,,0,0.0,46800,"{""2023"": [2, 6, 11, 12, 14, 15, 20, 22, 25, 26, 27, 29, 30, 31, 33, 35, 37, 38, 41, 43, 44, 46, 47, 48, 50, 52]}"
215,internal_medicine,South,es,0.764,360,F,42,Other,solo,4,39,True,,0,0.0,46800,"{""2023"": [2, 5, 7, 8, 11, 14, 15, 16, 17, 18, 20, 21, 25, 27, 28, 30, 33, 34, 35, 43, 44, 45, 47, 49, 51, 52]}"
216,internal_medicine,Central,es,1.0,360,F,58,Black,solo,1,34,True,,0,0.0,46800,"{""2023"": [1, 2, 6, 8, 10, 11, 12, 13, 14, 17, 18, 21, 22, 26, 29, 30, 31, 32, 35, 37, 38, 39, 40, 43, 49, 51]}"
217,internal_medicine,East,es,0.628,360,M,52,Black,group,1,8,True,,0,0.0,46800,"{""2023"": [1, 3, 4, 5, 8, 13, 15, 20, 24, 25, 27, 28, 30, 31, 33, 34, 37, 39, 40, 41, 42, 45, 47, 48, 51, 52]}"
218,internal_medicine,West,es,0.771,360,F,41,Black,group,5,30,True,,0,0.0,46800,"{""2023"": [1, 3, 4, 5, 7, 8, 9, 10, 12, 13, 14, 17, 26, 27, 28, 29, 30, 31, 33, 34, 40, 41, 43, 46, 50, 51]}"
219,internal_medicine,West,es,0.741,360,M,46,Other,group,1,10,True,,0,0.0,46800,"{""2023"": [1, 3, 5, 6, 11, 16, 19, 20, 24, 28, 29, 30, 31, 34, 35, 36, 38, 39, 41, 42, 43, 45, 48, 49, 50, 52]}"
220,internal_medicine,West,es,0.901,360,M,55,White,group,5,33,True,,0,0.0,46800,"{""2023"": [5, 6, 7, 8, 13, 15, 18, 21, 22, 24, 26, 27, 32, 33, 35, 36, 37, 38, 39, 40, 41, 42, 43, 44, 46, 47]}"
221,internal_medicine,East,en,0.918,360,M,38,Other,solo,1,32,True,,0,0.0,46800,"{""2023"": [1, 5, 7, 8, 9, 10, 11, 13, 15, 16, 18, 26, 28, 29, 31, 32, 36, 37, 39, 41, 43, 45, 46, 49, 50, 51]}"
222,internal_medicine,South,es,0.812,360,M,54,Black,solo,1,3,True,,0,0.0,46800,"{""2023"": [2, 3, 4, 6, 7, 8, 12, 15, 19, 21, 23, 30, 31, 32, 33, 36, 37, 39, 43, 45, 46, 48, 49, 50, 51, 52]}"
223,internal_medicine,East,zh,0.846,360,M,59,Other,solo,2,11,True,,0,0.0,46800,"{""2023"": [2, 3, 6, 8, 9, 11, 13, 15, 16, 17, 20, 22, 27, 29, 34, 36, 37, 38, 40, 42, 44, 45, 46, 49, 50, 51]}"
224,internal_medicine,Central,zh,0.86,360,M,37,Black,group,1,22,True,,0,0.0,46800,"{""2023"": [2, 4, 5, 6, 8, 12, 13, 14, 15, 16, 21, 24, 25, 27, 29, 30, 31, 32, 34, 35, 36, 37, 42, 47, 50, 52]}"
225,internal_medicine,South,en,0.837,360,M,37,White,solo,4,26,False,,0,0.0,46800,"{""2023"": [1, 3, 4, 8, 9, 10, 13, 14, 15, 22, 23, 26, 29, 33, 34, 35, 40, 41, 42, 43, 44, 46, 48, 49, 51, 52]}"
226,internal_medicine,West,en,0.799,360,F,42,Asian,solo,2,8,True,,0,0.0,46800,"{""2023"": [1, 4, 8, 13, 14, 18, 20, 21, 25, 28, 30, 31, 32, 33, 34, 35, 38, 39, 40, 42, 44, 46, 47, 49, 51, 52]}"
227,internal_medicine,West,es,0.858,360,F,39,Asian,solo,5,36,True,,0,0.0,46800,"{""2023"": [2, 4, 5, 6, 8, 10, 11, 12, 14, 16, 17, 18, 19, 21, 24, 25, 27, 28, 30, 31, 35, 41, 43, 48, 49, 52]}"
228,internal_medicine,North,zh,0.937,360,M,43,White,group,3,35,True,,0,0.0,46800,"{""2023"": [4, 8, 10, 11, 12, 13, 15, 16, 18, 20, 22, 24, 27, 29, 32, 34, 35, 37, 38, 39, 41, 42, 43, 44, 48, 49]}"
229,internal_medicine,North,es,0.824,360,F,63,Hispanic,group,3,13,True,,0,0.0,46800,"{""2023"": [1, 2, 3, 6, 11, 14, 15, 16, 17, 18, 20, 22, 23, 24, 26, 29, 36, 37, 39, 40, 41, 43, 44, 47, 49, 51]}"
230,internal_medicine,North,en,0.697,360,F,63,Black,solo,3,24,True,,0,0.0,46800,"{""2023"": [1, 2, 4, 7, 10, 11, 12, 13, 14, 15, 17, 18, 21, 22, 23, 28, 29, 35, 38, 41, 42, 43, 45, 47, 50, 51]}"
231,internal_medicine,Central,es,0.791,360,F,39,Black,group,1,19,True,,0,0.0,46800,"{""2023"": [1, 3, 9, 11, 13, 15, 16, 17, 18, 19, 23, 25, 27, 28, 29, 30, 32, 34, 36, 37, 38, 39, 43, 45, 46, 51]}"
232,internal_medicine,South,en,0.92,360,F,51,Hispanic,group,3,6,True,,0,0.0,46800,"{""2023"": [1, 4, 5, 8, 12, 14, 15, 20, 21, 22, 25, 26, 27, 29, 32, 33, 34, 37, 39, 40, 41, 44, 45, 47, 48, 52]}"
233,internal_medicine,Central,zh,0.654,360,F,54,White,group,5,16,True,,0,0.0,46800,"{""2023"": [1, 2, 3, 5, 7, 9, 12, 15, 21, 22, 23, 25, 31, 33, 34, 35, 36, 37, 38, 39, 45, 46, 47, 48, 49, 52]}"
234,internal_medicine,Central,zh,0.674,360,M,40,Other,group,5,25,True,,0,0.0,46800,"{""2023"": [5, 6, 7, 8, 9, 10, 11, 13, 16, 20, 23, 24, 26, 27, 28, 30, 32, 34, 36, 39, 40, 42, 45, 47, 48, 51]}"
235,internal_medicine,South,zh,0.916,360,F,47,White,solo,2,9,True,,0,0.0,46800,"{""2023"": [2, 3, 4, 5, 6, 8, 13, 15, 16, 17, 19, 21, 24, 25, 28, 33, 35, 37, 39, 42, 43, 44, 45, 46, 48, 49]}"
236,internal_medicine,Central,es,0.785,360,M,56,Asian,solo,4,16,True,,0,0.0,46800,"{""2023"": [2, 4, 5, 7, 9, 16, 19, 21, 23, 24, 26, 27, 30, 33, 34, 35, 36, 38, 39, 41, 42, 43, 44, 50, 51, 52]}"
237,internal_medicine,North,zh,0.797,360,F,45,White,group,1,37,True,,0,0.0,46800,"{""2023"": [1, 2, 5, 6, 7, 8, 9, 10, 11, 16, 17, 20, 21, 22, 24, 27, 34, 35, 36, 40, 44, 45, 46, 48, 49, 52]}"
238,internal_medicine,East,zh,0.973,360,M,37,Black,group,1,40,True,,0,0.0,46800,"{""2023"": [2, 4, 5, 8, 10, 12, 16, 17, 18, 23, 25, 28, 29, 30, 33, 35, 36, 38, 39, 41, 42, 43, 45, 46, 49, 50]}"
239,internal_medicine,East,zh,0.886,360,M,38,Asian,solo,2,36,True,,0,0.0,46800,"{""2023"": [1, 6, 7, 11, 12, 17, 18, 19, 20, 24, 26, 27, 28, 29, 31, 33, 34, 36, 37, 38, 39, 40, 42, 44, 48, 52]}"
240,internal_medicine,Central,zh,0.955,360,F,49,Asian,solo,4,36,True,,0,0.0,46800,"{""2023"": [1, 2, 3, 4, 5, 7, 10, 11, 13, 17, 18, 21, 25, 27, 29, 30, 33, 36, 37, 38, 41, 45, 47, 49, 50, 51]}"
241,internal_medicine,West,en,0.705,360,M,58,White,solo,2,14,True,,0,0.0,46800,"{""2023"": [1, 2, 3, 5, 6, 8, 9, 11, 12, 14, 16, 17, 18, 20, 23, 25, 28, 29, 31, 33, 37, 41, 42, 46, 49, 51]}"
242,internal_medicine,North,zh,0.947,360,M,65,Black,group,1,5,True,,0,0.0,46800,"{""2023"": [1, 8, 9, 10, 14, 15, 17, 18, 20, 21, 24, 25, 28, 29, 32, 33, 34, 37, 38, 39, 41, 42, 47, 48, 49, 51]}"
243,internal_medicine,West,zh,0.916,360,M,61,Hispanic,solo,5,25,True,,0,0.0,46800,"{""2023"": [1, 4, 14, 17, 21, 22, 23, 24, 25, 26, 28, 29, 32, 34, 36, 37, 39, 40, 41, 42, 43, 44, 45, 46, 47, 48]}"
244,internal_medicine,East,es,0.881,360,F,42,White,solo,1,24,True,,0,0.0,46800,"{""2023"": [2, 3, 10, 11, 12, 15, 17, 18, 19, 20, 22, 23, 25, 26, 27, 28, 33, 36, 39, 40, 41, 43, 44, 47, 49, 52]}"
245,internal_medicine,Central,en,1.0,360,M,30,Hispanic,solo,2,27,True,,0,0.0,46800,"{""2023"": [3, 5, 7, 9, 11, 13, 14, 15, 16, 17, 18, 21, 25, 28, 32, 33, 35, 36, 40, 42, 44, 45, 46, 47, 49, 52]}"
246,internal_medicine,South,zh,0.832,360,F,52,Hispanic,group,5,35,True,,0,0.0,46800,"{""2023"": [1, 2, 3, 4, 7, 13, 15, 17, 22, 25, 26, 28, 29, 30, 31, 32, 33, 36, 40, 41, 43, 45, 46, 47, 51, 52]}"
247,internal_medicine,East,en,0.805,360,M,37,Other,group,3,23,True,,0,0.0,46800,"{""2023"": [1, 2, 3, 4, 6, 9, 11, 13, 14, 19, 20, 21, 24, 31, 32, 33, 34, 36, 39, 41, 42, 43, 44, 46, 49, 51]}"
248,internal_medicine,North,es,0.944,360,F,36,Hispanic,group,2,39,True,,0,0.0,46800,"{""2023"": [1, 2, 3, 5, 8, 14, 15, 20, 22, 23, 24, 25, 27, 28, 29, 31, 33, 35, 36, 38, 40, 42, 44, 45, 46, 52]}"
249,internal_medicine,Central,es,0.873,360,F,35,Other,solo,3,2,True,,0,0.0,46800,"{""2023"": [4, 6, 8, 10, 12, 13, 15, 16, 17, 18, 20, 22, 23, 24, 29, 32, 34, 36, 37, 39, 40, 41, 44, 48, 50, 51]}"
250,internal_medicine,East,es,0.936,360,M,60,Asian,group,2,40,False,,0,0.0,46800,"{""2023"": [5, 7, 8, 13, 14, 15, 18, 20, 22, 23, 24, 25, 27, 28, 29, 31, 33, 35, 36, 38, 40, 44, 45, 46, 50, 52]}"
251,internal_medicine,Central,en,0.926,360,F,48,Hispanic,group,5,36,True,,0,0.0,46800,"{""2023"": [1, 6, 7, 8, 10, 12, 13, 14, 15, 16, 17, 21, 23, 29, 30, 34, 36, 38, 40, 41, 44, 45, 46, 48, 49, 52]}"
252,internal_medicine,West,es,0.904,360,M,64,Asian,solo,3,2,True,,0,0.0,46800,"{""2023"": [2, 3, 5, 7, 9, 11, 12, 13, 19, 23, 25, 27, 28, 30, 32, 36, 37, 39, 40, 41, 42, 43, 44, 45, 46, 50]}"
253,internal_medicine,East,en,0.954,360,F,45,White,solo,5,11,True,,0,0.0,46800,"{""2023"": [4, 7, 8, 9, 10, 11, 12, 13, 14, 15, 16, 18, 23, 24, 27, 28, 29, 30, 35, 37, 40, 43, 45, 46, 51, 52]}"
254,internal_medicine,Central,es,0.64,360,M,56,Other,group,5,11,True,,0,0.0,46800,"{""2023"": [1, 3, 4, 6, 10, 12, 17, 19, 21, 22, 26, 27, 28, 30, 31, 33, 34, 35, 39, 40, 42, 46, 47, 49, 51, 52]}"
255,internal_medicine,East,es,0.633,360,F,51,Other,group,4,14,True,,0,0.0,46800,"{""2023"": [2, 8, 12, 16, 17, 18, 20, 23, 26, 27, 30, 33, 34, 35, 37, 39, 40, 41, 42, 43, 44, 45, 47, 50, 51, 52]}"
256,internal_medicine,South,en,0.975,360,F,60,Other,group,4,29,True,,0,0.0,46800,"{""2023"": [1, 2, 3, 4, 6, 7, 8, 9, 13, 14, 15, 16, 17, 18, 22, 24, 27, 29, 35, 37, 38, 39, 40, 41, 45, 46]}"
257,internal_medicine,South,en,0.74,360,F,57,Hispanic,group,3,28,True,,0,0.0,46800,"{""2023"": [2, 3, 4, 5, 9, 10, 11, 18, 19, 20, 23, 25, 27, 28, 29, 30, 31, 33, 34, 35, 39, 41, 42, 46, 50, 51]}"
258,internal_medicine,Central,zh,0.672,360,F,61,Other,solo,1,27,True,,0,0.0,46800,"{""2023"": [4, 6, 8, 11, 12, 13, 14, 21, 23, 24, 26, 27, 28, 33, 35, 37, 39, 40, 41, 42, 43, 46, 47, 48, 49, 51]}"
259,internal_medicine,East,es,0.828,360,F,45,Black,solo,2,28,True,,0,0.0,46800,"{""2023"": [1, 2, 4, 6, 9, 11, 13, 18, 21, 25, 29, 30, 31, 33, 36, 37, 40, 42, 44, 45, 46, 47, 48, 49, 50, 51]}"
260,internal_medicine,South,es,0.911,360,M,31,Black,group,5,16,True,,0,0.0,46800,"{""2023"": [3, 4, 5, 7, 9, 12, 13, 17, 22, 23, 24, 25, 29, 30, 31, 33, 34, 35, 39, 40, 41, 44, 45, 46, 50, 51]}"
261,internal_medicine,East,en,0.822,360,F,44,White,group,5,21,True,,0,0.0,46800,"{""2023"": [3, 7, 8, 9, 10, 13, 16, 17, 21, 22, 23, 28, 31, 32, 34, 35, 38, 41, 42, 43, 45, 48, 49, 50, 51, 52]}"
262,internal_medicine,West,es,1.0,360,M,39,Other,group,4,33,True,,0,0.0,46800,"{""2023"": [2, 4, 7, 8, 9, 10, 11, 12, 15, 19, 20, 24, 26, 29, 31, 33, 34, 35, 36, 37, 39, 42, 43, 44, 47, 49]}"
263,internal_medicine,South,es,0.831,360,F,47,Black,solo,2,29,True,,0,0.0,46800,"{""2023"": [2, 4, 5, 8, 9, 10, 11, 16, 18, 19, 21, 24, 28, 29, 32, 34, 38, 41, 43, 44, 45, 46, 49, 50, 51, 52]}"
264,internal_medicine,East,zh,0.919,360,F,58,White,group,1,32,False,,0,0.0,46800,"{""2023"": [4, 5, 7, 9, 10, 12, 15, 19, 21, 22, 25, 27, 28, 31, 32, 33, 38, 39, 40, 41, 42, 43, 46, 47, 48, 50]}"
265,internal_medicine,North,zh,0.945,360,F,62,Other,group,4,7,True,,0,0.0,46800,"{""2023"": [2, 4, 5, 6, 7, 8, 9, 10, 11, 14, 16, 18, 20, 22, 23, 27, 30, 32, 37, 39, 40, 44, 45, 47, 48, 50]}"
266,internal_medicine,Central,en,0.658,360,F,56,Black,group,2,5,True,,0,0.0,46800,"{""2023"": [1, 5, 7, 10, 11, 12, 13, 16, 17, 18, 20, 22, 23, 25, 29, 32, 33, 35, 40, 43, 44, 45, 46, 47, 48, 50]}"
267,internal_medicine,East,zh,0.966,360,F,40,Hispanic,group,1,32,True,,0,0.0,46800,"{""2023"": [1, 2, 3, 4, 6, 7, 8, 9, 10, 15, 18, 21, 23, 25, 26, 27, 28, 29, 31, 34, 36, 40, 42, 43, 48, 50]}"
268,internal_medicine,East,zh,0.889,360,F,44,White,solo,5,33,True,,0,0.0,46800,"{""2023"": [2, 3, 4, 5, 6, 11, 12, 14, 15, 17, 18, 21, 24, 25, 26, 28, 30, 32, 35, 37, 41, 42, 47, 48, 51, 52]}"
269,internal_medicine,East,es,0.821,360,M,38,Hispanic,group,1,8,True,,0,0.0,46800,"{""2023"": [2, 3, 6, 13, 14, 16, 17, 19, 20, 22, 25, 27, 31, 32, 33, 34, 36, 37, 39, 40, 42, 45, 46, 47, 51, 52]}"
270,internal_medicine,Central,zh,0.963,360,F,36,White,group,3,23,False,,0,0.0,46800,"{""2023"": [1, 5, 6, 7, 8, 9, 12, 14, 15, 18, 19, 22, 24, 28, 31, 32, 33, 35, 36, 37, 40, 41, 42, 44, 46, 51]}"
271,internal_medicine,East,zh,0.825,360,F,48,White,group,4,7,True,,0,0.0,46800,"{""2023"": [4, 5, 8, 9, 12, 13, 14, 18, 20, 21, 24, 25, 27, 30, 31, 32, 35, 36, 37, 40, 42, 45, 46, 49, 51, 52]}"
272,internal_medicine,North,en,0.833,360,F,55,Black,solo,3,7,True,,0,0.0,46800,"{""2023"": [1, 2, 3, 5, 6, 8, 9, 10, 18, 19, 21, 24, 26, 29, 30, 31, 33, 34, 35, 36, 38, 39, 42, 45, 47, 48]}"
273,internal_medicine,Central,en,0.946,360,M,61,Hispanic,solo,4,15,True,,0,0.0,46800,"{""2023"": [1, 2, 4, 5, 6, 9, 12, 13, 14, 18, 19, 21, 22, 23, 32, 33, 34, 35, 36, 38, 40, 45, 48, 49, 50, 52]}"
274,internal_medicine,East,es,0.808,360,M,35,Hispanic,group,5,39,True,,0,0.0,46800,"{""2023"": [3, 4, 12, 14, 15, 16, 18, 20, 22, 23, 25, 28, 31, 33, 34, 35, 37, 38, 39, 41, 43, 44, 45, 50, 51, 52]}"
275,internal_medicine,Central,es,0.978,360,F,38,White,solo,3,10,True,,0,0.0,46800,"{""2023"": [1, 2, 3, 4, 5, 7, 10, 11, 12, 18, 23, 24, 25, 26, 28, 30, 32, 33, 37, 38, 39, 45, 46, 49, 51, 52]}"
276,internal_medicine,North,zh,0.896,360,M,45,Hispanic,solo,3,28,True,,0,0.0,46800,"{""2023"": [1, 2, 3, 6, 9, 14, 17, 21, 22, 23, 24, 26, 27, 28, 29, 32, 34, 35, 39, 42, 43, 46, 48, 49, 51, 52]}"
277,internal_medicine,West,es,0.801,360,F,46,White,solo,2,22,False,,0,0.0,46800,"{""2023"": [2, 3, 7, 9, 11, 13, 14, 16, 19, 26, 27, 29, 30, 33, 35, 36, 37, 39, 42, 44, 46, 47, 48, 49, 51, 52]}"
278,internal_medicine,Central,zh,0.896,360,M,48,Hispanic,group,3,12,True,,0,0.0,46800,"{""2023"": [1, 3, 4, 5, 7, 13, 16, 19, 21, 24, 25, 26, 27, 28, 29, 30, 31, 33, 34, 36, 38, 41, 44, 45, 47, 49]}"
279,internal_medicine,Central,es,0.912,360,M,34,Black,group,2,23,True,,0,0.0,46800,"{""2023"": [1, 5, 6, 9, 13, 14, 16, 18, 23, 24, 25, 26, 27, 28, 33, 35, 37, 38, 40, 41, 44, 46, 49, 50, 51, 52]}"
280,internal_medicine,East,es,0.799,360,F,37,Black,group,1,34,True,,0,0.0,46800,"{""2023"": [4, 5, 9, 12, 15, 18, 20, 22, 23, 25, 28, 31, 34, 35, 38, 39, 40, 41, 42, 43, 46, 47, 48, 49, 50, 51]}"
281,internal_medicine,West,es,0.87,360,F,43,Hispanic,solo,2,7,True,,0,0.0,46800,"{""2023"": [2, 4, 6, 8, 9, 11, 13, 17, 18, 21, 24, 25, 26, 29, 30, 33, 35, 36, 39, 41, 42, 43, 45, 46, 47, 49]}"
282,internal_medicine,East,es,0.698,360,M,54,Hispanic,group,2,11,True,,0,0.0,46800,"{""2023"": [5, 7, 8, 10, 11, 13, 15, 16, 20, 21, 23, 25, 27, 31, 32, 34, 35, 36, 37, 39, 41, 42, 45, 46, 51, 52]}"
283,internal_medicine,East,es,0.791,360,F,30,Black,solo,3,11,True,,0,0.0,46800,"{""2023"": [2, 4, 6, 8, 10, 13, 14, 15, 16, 18, 19, 20, 21, 23, 28, 30, 31, 35, 37, 39, 41, 42, 45, 48, 50, 52]}"
284,internal_medicine,East,en,0.975,360,M,35,Other,solo,3,6,True,,0,0.0,46800,"{""2023"": [1, 2, 5, 10, 11, 12, 13, 15, 19, 22, 24, 25, 26, 27, 28, 29, 32, 38, 40, 44, 45, 47, 49, 50, 51, 52]}"
285,internal_medicine,Central,en,0.667,360,F,30,Other,solo,2,7,True,,0,0.0,46800,"{""2023"": [1, 3, 4, 5, 9, 11, 13, 14, 16, 17, 18, 22, 23, 24, 26, 28, 30, 31, 35, 37, 39, 41, 42, 45, 48, 51]}"
286,internal_medicine,East,en,0.682,360,M,47,Other,group,1,26,True,,0,0.0,46800,"{""2023"": [2, 3, 4, 6, 7, 9, 10, 12, 14, 15, 18, 19, 23, 24, 25, 29, 32, 34, 35, 36, 41, 45, 47, 50, 51, 52]}"
287,internal_medicine,North,es,0.707,360,F,46,Hispanic,solo,4,12,True,,0,0.0,46800,"{""2023"": [3, 4, 8, 11, 12, 16, 18, 20, 21, 22, 23, 24, 28, 29, 32, 33, 35, 36, 37, 39, 40, 42, 43, 45, 47, 51]}"
288,internal_medicine,North,en,0.976,360,M,31,White,solo,1,35,True,,0,0.0,46800,"{""2023"": [2, 3, 9, 11, 13, 14, 15, 16, 18, 20, 21, 22, 24, 25, 27, 28, 29, 30, 34, 35, 41, 42, 43, 44, 45, 49]}"
289,internal_medicine,Central,en,0.731,360,F,55,Asian,solo,5,34,True,,0,0.0,46800,"{""2023"": [2, 6, 8, 10, 12, 15, 21, 23, 25, 27, 29, 30, 31, 33, 37, 38, 39, 40, 41, 42, 43, 44, 46, 48, 49, 52]}"
290,internal_medicine,North,es,0.84,360,M,30,Black,solo,1,2,False,,0,0.0,46800,"{""2023"": [2, 12, 14, 15, 16, 17, 19, 20, 21, 26, 27, 28, 29, 30, 31, 32, 36, 39, 40, 43, 44, 45, 46, 48, 51, 52]}"
291,internal_medicine,Central,en,0.864,360,F,58,White,group,5,32,True,,0,0.0,46800,"{""2023"": [2, 6, 7, 8, 10, 12, 13, 15, 17, 18, 19, 22, 23, 24, 33, 34, 36, 38, 40, 42, 45, 47, 49, 50, 51, 52]}"
292,internal_medicine,South,es,0.67,360,F,45,White,solo,1,9,True,,0,0.0,46800,"{""2023"": [3, 4, 5, 7, 8, 9, 10, 12, 15, 18, 23, 24, 25, 27, 28, 29, 32, 35, 37, 38, 40, 41, 42, 43, 45, 52]}"
293,internal_medicine,East,zh,0.641,360,F,55,White,group,2,12,False,,0,0.0,46800,"{""2023"": [1, 2, 3, 4, 7, 9, 10, 14, 18, 22, 23, 24, 25, 27, 28, 31, 33, 35, 37, 39, 40, 41, 43, 44, 45, 49]}"
294,internal_medicine,West,es,0.674,360,M,40,Other,group,2,31,True,,0,0.0,46800,"{""2023"": [2, 3, 6, 7, 8, 14, 15, 21, 23, 25, 26, 28, 29, 31, 33, 34, 35, 39, 41, 42, 43, 44, 45, 48, 50, 51]}"
295,internal_medicine,North,zh,0.768,360,F,41,Other,group,4,36,True,,0,0.0,46800,"{""2023"": [4, 8, 10, 13, 14, 16, 18, 19, 20, 22, 23, 26, 27, 28, 31, 33, 35, 36, 38, 41, 43, 44, 45, 49, 51, 52]}"
296,internal_medicine,North,es,0.755,360,M,52,Black,group,2,6,True,,0,0.0,46800,"{""2023"": [4, 6, 7, 9, 10, 14, 16, 17, 19, 22, 23, 24, 26, 31, 32, 35, 36, 37, 38, 40, 41, 42, 45, 47, 50, 52]}"
297,internal_medicine,East,en,0.946,360,F,50,Hispanic,group,2,7,True,,0,0.0,46800,"{""2023"": [2, 3, 5, 7, 8, 10, 11, 14, 15, 16, 17, 19, 23, 24, 27, 28, 29, 31, 32, 33, 37, 40, 42, 44, 47, 51]}"
298,internal_medicine,Central,es,0.909,360,M,30,White,solo,4,11,True,,0,0.0,46800,"{""2023"": [1, 2, 3, 4, 5, 7, 9, 12, 14, 15, 16, 21, 25, 27, 28, 32, 33, 34, 36, 39, 40, 41, 44, 49, 50, 52]}"
299,internal_medicine,Central,zh,0.672,360,F,53,Hispanic,solo,4,18,True,,0,0.0,46800,"{""2023"": [3, 5, 6, 8, 9, 10, 17, 18, 19, 21, 25, 27, 30, 32, 35, 36, 37, 39, 41, 42, 43, 44, 45, 47, 49, 52]}"
300,internal_medicine,West,en,0.798,360,F,49,Other,solo,1,36,True,,0,0.0,46800,"{""2023"": [1, 2, 3, 8, 9, 10, 14, 23, 24, 26, 28, 29, 31, 32, 34, 35, 36, 37, 38, 39, 44, 45, 46, 47, 48, 50]}"
301,pediatrics,Central,es,0.943,360,F,37,White,solo,1,39,True,,0,0.0,46800,"{""2023"": [1, 3, 4, 6, 9, 10, 13, 15, 16, 17, 21, 24, 27, 29, 30, 31, 32, 35, 36, 37, 39, 40, 45, 46, 51, 52]}"
302,pediatrics,South,es,0.787,360,F,65,Hispanic,group,4,6,True,,0,0.0,46800,"{""2023"": [2, 3, 4, 8, 11, 13, 14, 16, 18, 19, 20, 21, 22, 27, 30, 31, 32, 33, 39, 41, 42, 47, 48, 49, 50, 52]}"
303,pediatrics,Central,en,0.774,360,F,65,White,solo,2,4,True,,0,0.0,46800,"{""2023"": [1, 3, 4, 5, 7, 9, 11, 13, 14, 17, 18, 26, 27, 30, 31, 34, 39, 40, 43, 44, 45, 47, 49, 50, 51, 52]}"
304,pediatrics,East,en,0.63,360,F,65,Asian,solo,2,10,True,,0,0.0,46800,"{""2023"": [2, 3, 4, 8, 15, 18, 20, 21, 22, 23, 24, 25, 30, 31, 35, 36, 37, 38, 39, 44, 45, 46, 48, 50, 51, 52]}"
305,pediatrics,South,zh,0.957,360,F,40,Hispanic,group,2,20,True,,0,0.0,46800,"{""2023"": [1, 4, 5, 6, 7, 9, 11, 14, 16, 17, 19, 22, 23, 26, 27, 29, 30, 33, 34, 38, 41, 42, 43, 47, 48, 49]}"
306,pediatrics,East,es,0.809,360,M,56,Other,solo,4,34,True,,0,0.0,46800,"{""2023"": [3, 5, 6, 11, 12, 13, 16, 17, 22, 23, 24, 25, 27, 31, 33, 36, 37, 39, 41, 42, 43, 45, 47, 49, 50, 52]}"
307,pediatrics,South,es,0.942,360,F,57,Hispanic,solo,4,5,True,,0,0.0,46800,"{""2023"": [1, 2, 3, 5, 6, 8, 9, 12, 13, 14, 16, 20, 21, 22, 23, 25, 28, 29, 32, 34, 36, 41, 46, 48, 50, 52]}"
308,pediatrics,South,zh,0.863,360,M,56,White,solo,2,13,True,,0,0.0,46800,"{""2023"": [1, 3, 4, 6, 8, 9, 16, 18, 19, 22, 26, 28, 29, 30, 33, 36, 37, 38, 39, 40, 41, 43, 44, 48, 50, 51]}"
309,pediatrics,Central,zh,0.776,360,F,59,Asian,solo,1,32,True,,0,0.0,46800,"{""2023"": [1, 6, 8, 9, 10, 11, 13, 16, 18, 19, 21, 24, 26, 27, 29, 30, 31, 32, 37, 38, 41, 44, 49, 50, 51, 52]}"
310,pediatrics,Central,zh,0.814,360,F,51,White,group,2,40,True,,0,0.0,46800,"{""2023"": [2, 5, 7, 8, 10, 14, 17, 18, 20, 21, 22, 24, 25, 27, 28, 29, 34, 36, 38, 39, 40, 43, 45, 46, 49, 52]}"
311,pediatrics,Central,es,0.879,360,F,46,Asian,solo,3,25,True,,0,0.0,46800,"{""2023"": [1, 2, 6, 7, 9, 14, 16, 17, 18, 20, 23, 24, 26, 27, 29, 30, 31, 32, 33, 36, 40, 43, 48, 49, 50, 52]}"
312,pediatrics,Central,zh,0.684,360,F,44,Black,group,4,7,True,,0,0.0,46800,"{""2023"": [1, 4, 7, 8, 9, 11, 12, 14, 15, 16, 18, 20, 24, 25, 26, 28, 30, 31, 37, 39, 43, 44, 45, 46, 48, 49]}"
313,pediatrics,Central,en,0.948,360,F,33,White,solo,2,33,False,,0,0.0,46800,"{""2023"": [1, 2, 3, 4, 5, 6, 9, 10, 12, 14, 16, 18, 19, 22, 24, 25, 27, 32, 34, 35, 37, 38, 39, 42, 43, 46]}"
314,pediatrics,South,es,0.822,360,F,35,Asian,solo,1,23,True,,0,0.0,46800,"{""2023"": [3, 6, 7, 8, 12, 15, 18, 19, 20, 28, 29, 30, 31, 32, 35, 37, 40, 41, 42, 44, 46, 47, 49, 50, 51, 52]}"
315,pediatrics,Central,en,0.727,360,F,32,Other,group,5,3,True,,0,0.0,46800,"{""2023"": [1, 2, 3, 4, 5, 8, 9, 10, 11, 13, 14, 18, 27, 30, 31, 32, 36, 37, 38, 39, 41, 42, 48, 49, 51, 52]}"
316,pediatrics,Central,es,0.935,360,F,41,Other,group,4,12,True,,0,0.0,46800,"{""2023"": [5, 8, 9, 10, 11, 13, 14, 15, 17, 18, 21, 22, 26, 27, 28, 29, 31, 33, 35, 36, 40, 44, 46, 47, 48, 52]}"
317,pediatrics,West,en,0.825,360,F,38,Hispanic,group,2,7,True,,0,0.0,46800,"{""2023"": [1, 2, 6, 7, 10, 12, 14, 15, 16, 23, 25, 26, 28, 29, 30, 32, 33, 35, 38, 40, 44, 45, 49, 50, 51, 52]}"
318,pediatrics,South,en,0.72,360,F,45,Hispanic,group,2,39,True,,0,0.0,46800,"{""2023"": [1, 3, 5, 8, 10, 14, 16, 19, 22, 23, 24, 25, 27, 28, 32, 34, 36, 41, 42, 43, 45, 46, 47, 48, 49, 51]}"
319,pediatrics,West,zh,0.843,360,F,62,Other,group,5,29,True,,0,0.0,46800,"{""2023"": [1, 5, 8, 9, 11, 13, 14, 15, 16, 17, 19, 23, 24, 27, 30, 31, 33, 35, 37, 38, 42, 45, 46, 47, 49, 50]}"
320,pediatrics,East,zh,0.954,360,F,38,Asian,solo,4,8,True,,0,0.0,46800,"{""2023"": [3, 5, 7, 8, 9, 10, 13, 15, 21, 23, 24, 26, 27, 28, 30, 32, 34, 35, 38, 41, 43, 46, 47, 48, 49, 50]}"
321,pediatrics,East,zh,0.854,360,F,60,Hispanic,group,1,6,True,,0,0.0,46800,"{""2023"": [2, 4, 5, 6, 8, 11, 13, 14, 15, 17, 18, 19, 21, 22, 24, 26, 28, 30, 31, 36, 43, 44, 46, 48, 49, 50]}"
322,pediatrics,West,zh,0.715,360,M,52,White,solo,5,14,True,,0,0.0,46800,"{""2023"": [1, 3, 4, 7, 10, 11, 12, 13, 14, 16, 19, 20, 23, 24, 27, 28, 30, 37, 39, 40, 42, 43, 49, 50, 51, 52]}"
323,pediatrics,West,zh,0.956,360,F,56,Black,solo,1,4,True,,0,0.0,46800,"{""2023"": [1, 7, 8, 12, 13, 18, 19, 20, 21, 25, 26, 28, 30, 31, 32, 34, 36, 38, 41, 42, 43, 44, 45, 47, 49, 52]}"
324,pediatrics,West,zh,0.694,360,F,65,White,group,2,29,True,,0,0.0,46800,"{""2023"": [4, 5, 7, 8, 10, 11, 12, 14, 17, 19, 20, 21, 24, 27, 29, 30, 31, 35, 36, 38, 40, 44, 47, 50, 51, 52]}"
325,pediatrics,South,zh,0.607,360,F,30,Black,solo,3,4,True,,0,0.0,46800,"{""2023"": [2, 5, 6, 12, 15, 17, 19, 22, 24, 26, 27, 29, 30, 35, 38, 39, 41, 42, 43, 45, 46, 47, 48, 49, 50, 52]}"
326,pediatrics,North,en,0.84,360,M,34,Other,group,2,26,True,,0,0.0,46800,"{""2023"": [1, 3, 4, 5, 6, 8, 9, 12, 14, 19, 20, 23, 27, 29, 32, 34, 35, 37, 38, 39, 40, 41, 42, 43, 48, 52]}"
327,pediatrics,West,es,0.675,360,F,57,Black,group,2,3,True,,0,0.0,46800,"{""2023"": [3, 4, 6, 7, 8, 9, 11, 13, 14, 15, 16, 21, 23, 29, 31, 32, 33, 35, 39, 40, 41, 42, 43, 45, 47, 48]}"
328,pediatrics,West,es,0.812,360,M,38,Hispanic,solo,2,29,True,,0,0.0,46800,"{""2023"": [2, 5, 7, 8, 10, 12, 13, 15, 18, 20, 22, 23, 27, 28, 34, 35, 37, 39, 43, 44, 45, 48, 49, 50, 51, 52]}"
329,pediatrics,East,es,0.899,360,M,37,Black,group,5,37,True,,0,0.0,46800,"{""2023"": [3, 5, 6, 7, 8, 10, 14, 15, 18, 22, 26, 27, 28, 29, 30, 32, 34, 35, 38, 39, 40, 42, 43, 45, 49, 52]}"
330,pediatrics,Central,en,0.721,360,F,63,White,group,1,36,True,,0,0.0,46800,"{""2023"": [1, 3, 6, 7, 8, 11, 15, 16, 20, 22, 23, 24, 25, 26, 30, 31, 32, 33, 37, 38, 39, 42, 44, 46, 47, 49]}"
331,pediatrics,East,es,0.802,360,F,39,Other,group,1,4,True,,0,0.0,46800,"{""2023"": [2, 4, 5, 7, 8, 9, 12, 13, 14, 17, 20, 22, 23, 27, 30, 31, 34, 36, 37, 39, 42, 45, 47, 49, 50, 51]}"
332,pediatrics,West,zh,0.645,360,F,38,Other,group,3,29,True,,0,0.0,46800,"{""2023"": [1, 2, 3, 4, 5, 6, 11, 14, 15, 21, 22, 24, 27, 29, 31, 33, 38, 39, 40, 41, 42, 43, 45, 49, 51, 52]}"
333,pediatrics,Central,zh,0.9,360,M,52,Asian,solo,5,35,True,,0,0.0,46800,"{""2023"": [1, 2, 3, 5, 6, 9, 10, 11, 19, 20, 21, 22, 26, 27, 30, 33, 35, 38, 39, 40, 41, 44, 46, 48, 49, 50]}"
334,pediatrics,East,en,0.663,360,F,41,Black,group,3,32,True,,0,0.0,46800,"{""2023"": [1, 2, 3, 5, 10, 13, 16, 19, 22, 25, 26, 27, 29, 32, 33, 35, 36, 37, 38, 39, 41, 42, 44, 45, 48, 51]}"
335,pediatrics,North,es,0.828,360,F,35,Other,group,5,22,True,,0,0.0,46800,"{""2023"": [1, 2, 4, 7, 8, 9, 10, 13, 16, 19, 20, 24, 26, 28, 31, 33, 34, 35, 37, 38, 39, 43, 44, 48, 51, 52]}"
336,pediatrics,West,zh,0.951,360,M,30,White,group,2,24,True,,0,0.0,46800,"{""2023"": [4, 5, 7, 8, 11, 13, 14, 16, 17, 19, 23, 25, 27, 30, 31, 34, 36, 37, 39, 41, 42, 44, 47, 48, 49, 51]}"
337,pediatrics,West,zh,0.724,360,M,50,Asian,group,1,40,True,,0,0.0,46800,"{""2023"": [1, 3, 5, 10, 11, 12, 13, 17, 18, 20, 21, 23, 24, 26, 33, 35, 36, 37, 38, 41, 44, 45, 47, 49, 50, 51]}"
338,pediatrics,North,zh,0.72,360,F,61,Hispanic,solo,1,30,True,,0,0.0,46800,"{""2023"": [2, 3, 4, 5, 6, 7, 9, 11, 12, 15, 16, 17, 18, 20, 22, 23, 24, 31, 32, 35, 37, 38, 39, 40, 48, 52]}"
339,pediatrics,North,zh,0.921,360,F,48,White,solo,1,10,True,,0,0.0,46800,"{""2023"": [1, 6, 7, 11, 12, 13, 16, 17, 18, 19, 20, 21, 22, 26, 27, 29, 32, 34, 35, 39, 40, 41, 44, 48, 51, 52]}"
340,pediatrics,East,en,0.976,360,M,43,Black,group,1,20,True,,0,0.0,46800,"{""2023"": [1, 3, 4, 5, 6, 7, 8, 9, 10, 15, 16, 18, 21, 24, 25, 28, 29, 30, 31, 33, 36, 39, 45, 47, 48, 51]}"
341,pediatrics,North,es,0.958,360,F,36,White,solo,2,34,True,,0,0.0,46800,"{""2023"": [1, 4, 11, 13, 14, 15, 16, 17, 20, 22, 25, 29, 31, 32, 33, 34, 38, 39, 40, 41, 42, 43, 44, 46, 47, 52]}"
342,pediatrics,West,es,0.762,360,F,48,Other,solo,3,27,True,,0,0.0,46800,"{""2023"": [1, 3, 4, 5, 6, 7, 8, 11, 16, 18, 20, 22, 23, 25, 28, 31, 32, 35, 36, 37, 39, 41, 42, 43, 44, 52]}"
343,pediatrics,West,zh,0.857,360,F,58,Other,solo,3,27,True,,0,0.0,46800,"{""2023"": [1, 3, 4, 11, 13, 16, 17, 18, 19, 20, 22, 24, 25, 27, 28, 30, 34, 35, 36, 38, 41, 42, 44, 46, 49, 52]}"
344,pediatrics,West,es,0.772,360,F,54,Black,solo,3,17,True,,0,0.0,46800,"{""2023"": [1, 4, 6, 8, 10, 12, 14, 15, 16, 17, 18, 20, 21, 22, 23, 24, 27, 30, 31, 34, 36, 38, 40, 42, 47, 49]}"
345,pediatrics,South,zh,0.906,360,F,36,Other,solo,3,13,True,,0,0.0,46800,"{""2023"": [3, 4, 6, 7, 8, 10, 11, 13, 14, 15, 20, 21, 22, 23, 27, 28, 32, 33, 37, 39, 41, 42, 43, 44, 45, 48]}"
346,pediatrics,South,zh,0.764,360,M,49,Hispanic,group,3,4,True,,0,0.0,46800,"{""2023"": [1, 3, 5, 8, 11, 14, 15, 17, 18, 20, 25, 26, 28, 32, 33, 34, 35, 36, 38, 39, 40, 46, 47, 49, 51, 52]}"
347,pediatrics,South,zh,0.959,360,F,56,Black,solo,2,17,False,,0,0.0,46800,"{""2023"": [1, 2, 7, 9, 15, 17, 21, 23, 24, 25, 26, 27, 28, 30, 32, 33, 34, 35, 40, 41, 42, 43, 44, 46, 50, 51]}"
348,pediatrics,East,en,0.944,360,F,49,Hispanic,solo,5,40,True,,0,0.0,46800,"{""2023"": [1, 6, 10, 11, 12, 13, 14, 15, 16, 17, 19, 23, 24, 25, 26, 27, 28, 29, 32, 33, 34, 36, 43, 45, 46, 52]}"
349,pediatrics,South,es,0.781,360,M,43,White,solo,4,38,True,,0,0.0,46800,"{""2023"": [1, 2, 4, 5, 8, 10, 11, 13, 15, 16, 19, 20, 21, 23, 24, 26, 28, 30, 33, 34, 36, 42, 49, 50, 51, 52]}"
350,pediatrics,West,es,0.754,360,M,65,White,group,4,21,True,,0,0.0,46800,"{""2023"": [2, 3, 4, 6, 9, 10, 12, 16, 18, 19, 21, 25, 26, 27, 28, 29, 30, 31, 34, 35, 36, 42, 45, 46, 47, 50]}"
351,pediatrics,Central,en,0.667,360,M,33,White,group,5,20,True,,0,0.0,46800,"{""2023"": [3, 5, 6, 7, 10, 11, 12, 13, 14, 15, 18, 21, 22, 23, 26, 27, 29, 31, 32, 33, 36, 38, 40, 44, 46, 51]}"
352,pediatrics,South,en,0.958,360,F,59,White,group,2,34,True,,0,0.0,46800,"{""2023"": [1, 2, 7, 8, 10, 15, 18, 19, 22, 24, 27, 28, 31, 32, 34, 37, 38, 39, 40, 42, 43, 44, 46, 48, 49, 50]}"
353,pediatrics,West,es,0.748,360,M,39,Asian,solo,2,7,True,,0,0.0,46800,"{""2023"": [2, 3, 6, 7, 9, 11, 15, 16, 19, 20, 22, 24, 26, 28, 30, 31, 37, 38, 39, 40, 41, 44, 45, 46, 47, 51]}"
354,pediatrics,North,en,0.722,360,F,63,Black,group,4,8,True,,0,0.0,46800,"{""2023"": [1, 4, 5, 6, 7, 8, 11, 12, 13, 18, 23, 25, 27, 28, 31, 33, 35, 37, 42, 44, 45, 46, 47, 48, 50, 51]}"
355,pediatrics,North,zh,0.89,360,F,62,Other,solo,1,35,True,,0,0.0,46800,"{""2023"": [2, 3, 6, 7, 9, 11, 12, 16, 19, 20, 21, 23, 27, 29, 30, 32, 36, 37, 38, 39, 42, 44, 45, 46, 47, 51]}"
356,pediatrics,South,en,0.946,360,M,31,White,group,4,1,True,,0,0.0,46800,"{""2023"": [8, 10, 11, 14, 15, 16, 18, 20, 21, 22, 25, 26, 27, 28, 29, 31, 33, 34, 36, 37, 38, 42, 44, 45, 46, 48]}"
357,pediatrics,East,en,0.773,360,F,30,Black,group,4,19,True,,0,0.0,46800,"{""2023"": [3, 5, 7, 8, 9, 12, 13, 15, 18, 19, 20, 23, 24, 25, 27, 29, 30, 31, 32, 35, 36, 37, 42, 47, 50, 52]}"
358,pediatrics,North,en,1.0,360,F,58,Black,group,2,35,True,,0,0.0,46800,"{""2023"": [1, 2, 9, 11, 13, 15, 16, 17, 18, 20, 21, 23, 28, 31, 32, 33, 34, 36, 37, 41, 42, 45, 48, 49, 50, 51]}"
359,pediatrics,North,es,0.754,360,F,37,Hispanic,solo,2,36,True,,0,0.0,46800,"{""2023"": [1, 2, 3, 4, 6, 7, 10, 11, 13, 20, 22, 23, 29, 31, 34, 35, 36, 37, 40, 41, 43, 47, 49, 50, 51, 52]}"
360,pediatrics,West,zh,0.821,360,F,37,Asian,solo,4,26,True,,0,0.0,46800,"{""2023"": [2, 3, 7, 8, 10, 13, 16, 17, 18, 21, 23, 24, 28, 29, 31, 32, 36, 37, 38, 39, 41, 42, 44, 46, 49, 51]}"
361,pediatrics,South,en,0.936,360,F,49,Hispanic,group,2,38,True,,0,0.0,46800,"{""2023"": [1, 5, 6, 8, 9, 10, 11, 18, 19, 22, 27, 29, 31, 33, 36, 37, 39, 40, 41, 42, 43, 46, 47, 49, 51, 52]}"
362,pediatrics,West,en,0.805,360,F,33,Black,solo,2,13,True,,0,0.0,46800,"{""2023"": [1, 2, 3, 6, 8, 9, 11, 12, 14, 15, 16, 17, 21, 23, 29, 30, 31, 33, 38, 41, 42, 43, 44, 46, 47, 52]}"
363,pediatrics,North,zh,0.704,360,F,39,White,solo,2,37,True,,0,0.0,46800,"{""2023"": [3, 4, 5, 7, 8, 9, 11, 13, 14, 15, 16, 18, 21, 24, 25, 26, 27, 29, 30, 37, 40, 42, 46, 47, 48, 51]}"
364,pediatrics,North,zh,0.652,360,F,59,Black,solo,1,34,True,,0,0.0,46800,"{""2023"": [4, 6, 7, 8, 10, 11, 12, 16, 17, 19, 25, 26, 27, 28, 30, 31, 35, 37, 38, 40, 43, 45, 47, 48, 50, 52]}"
365,pediatrics,North,zh,0.931,360,M,53,White,group,5,12,True,,0,0.0,46800,"{""2023"": [1, 2, 3, 6, 8, 11, 14, 19, 21, 22, 23, 25, 27, 30, 32, 33, 34, 35, 36, 39, 40, 42, 43, 44, 46, 50]}"
366,pediatrics,East,en,0.789,360,M,39,Other,solo,2,14,False,,0,0.0,46800,"{""2023"": [2, 3, 4, 5, 8, 10, 13, 15, 16, 17, 18, 19, 20, 23, 24, 25, 29, 33, 36, 38, 39, 43, 45, 46, 50, 51]}"
367,pediatrics,West,zh,0.827,360,M,31,Black,group,2,14,True,,0,0.0,46800,"{""2023"": [1, 2, 5, 6, 12, 14, 16, 17, 21, 29, 31, 32, 33, 34, 35, 36, 40, 41, 44, 45, 46, 47, 48, 49, 51, 52]}"
368,pediatrics,North,es,0.836,360,M,38,Asian,solo,4,39,True,,0,0.0,46800,"{""2023"": [4, 7, 8, 12, 13, 16, 18, 19, 21, 26, 27, 30, 31, 32, 33, 35, 36, 39, 40, 43, 46, 48, 49, 50, 51, 52]}"
369,pediatrics,North,zh,0.682,360,M,64,Asian,group,2,21,True,,0,0.0,46800,"{""2023"": [2, 3, 6, 11, 12, 15, 19, 20, 21, 23, 24, 25, 26, 27, 28, 29, 32, 34, 35, 37, 40, 41, 43, 45, 46, 52]}"
370,pediatrics,North,zh,0.676,360,F,30,Hispanic,solo,1,7,True,,0,0.0,46800,"{""2023"": [1, 3, 6, 8, 9, 10, 11, 18, 20, 21, 24, 25, 26, 28, 29, 30, 33, 35, 36, 37, 39, 40, 43, 44, 46, 51]}"
371,pediatrics,South,es,0.798,360,M,48,Hispanic,group,5,17,True,,0,0.0,46800,"{""2023"": [1, 3, 4, 5, 6, 7, 8, 9, 11, 12, 13, 14, 18, 22, 28, 29, 32, 33, 34, 35, 36, 40, 42, 46, 48, 52]}"
372,pediatrics,East,zh,0.707,360,F,49,Asian,solo,2,33,False,,0,0.0,46800,"{""2023"": [2, 3, 5, 6, 7, 8, 10, 12, 13, 14, 15, 19, 22, 28, 29, 31, 32, 36, 37, 38, 41, 44, 47, 48, 49, 52]}"
373,pediatrics,South,es,0.851,360,M,47,Hispanic,group,1,39,True,,0,0.0,46800,"{""2023"": [2, 6, 7, 10, 11, 12, 13, 14, 16, 17, 20, 23, 25, 27, 28, 29, 31, 32, 33, 40, 41, 46, 48, 49, 51, 52]}"
374,pediatrics,Central,es,0.897,360,F,49,Other,solo,5,7,True,,0,0.0,46800,"{""2023"": [1, 3, 5, 6, 7, 8, 10, 11, 12, 13, 14, 16, 19, 23, 30, 31, 32, 33, 34, 35, 37, 43, 45, 46, 50, 52]}"
375,pediatrics,North,zh,1.0,360,M,60,Other,solo,3,35,True,,0,0.0,46800,"{""2023"": [1, 2, 4, 7, 9, 10, 12, 14, 15, 20, 22, 23, 25, 26, 28, 30, 31, 33, 35, 39, 42, 47, 49, 50, 51, 52]}"
376,pediatrics,Central,en,0.694,360,M,47,Asian,solo,5,13,True,,0,0.0,46800,"{""2023"": [1, 3, 4, 8, 9, 12, 14, 16, 17, 18, 19, 20, 23, 27, 32, 33, 36, 38, 39, 41, 42, 45, 46, 47, 50, 51]}"
377,pediatrics,Central,zh,0.653,360,F,34,Other,solo,5,21,True,,0,0.0,46800,"{""2023"": [2, 4, 6, 7, 8, 9, 10, 12, 13, 14, 17, 19, 21, 22, 23, 25, 27, 28, 32, 35, 38, 39, 45, 47, 48, 52]}"
378,pediatrics,West,es,0.836,360,F,60,White,group,5,28,True,,0,0.0,46800,"{""2023"": [7, 8, 9, 11, 12, 13, 17, 19, 20, 21, 23, 24, 26, 29, 30, 31, 34, 36, 38, 39, 41, 45, 46, 47, 48, 50]}"
379,pediatrics,Central,en,0.653,360,M,63,White,solo,3,9,True,,0,0.0,46800,"{""2023"": [2, 5, 6, 8, 10, 14, 17, 18, 19, 22, 26, 28, 29, 30, 32, 34, 35, 36, 37, 39, 40, 42, 47, 48, 49, 51]}"
380,pediatrics,North,zh,0.91,360,M,51,Asian,group,2,39,True,,0,0.0,46800,"{""2023"": [2, 3, 4, 10, 13, 17, 18, 22, 23, 28, 30, 31, 32, 33, 34, 35, 37, 38, 39, 41, 44, 46, 48, 49, 51, 52]}"
