doctor_id,specialty,region,language,quality_score,daily_minutes,gender,age,race,service_type,services_count,experience_years,board_certified,current_panel_size,expeceted_workload,max_workload,hires_at
1,family_practice,East,es,0.762,360,M,56,Other,group,5,29,True,83,1590.7964999999997,1560.0,
2,family_practice,Central,zh,0.892,360,F,32,Other,solo,3,16,True,122,1561.9252999999997,1560.0,
3,family_practice,West,es,0.709,360,M,43,White,solo,1,26,True,80,1567.1699999999998,1560.0,
4,family_practice,South,en,0.726,360,M,42,Asian,solo,3,15,True,84,1573.8826000000001,1560.0,
5,family_practice,Central,es,0.611,360,M,46,Asian,group,1,18,True,97,1566.5113000000001,1560.0,
6,family_practice,East,en,0.875,360,F,64,Asian,solo,4,29,True,101,1570.5149000000004,1560.0,
7,family_practice,South,en,0.938,360,F,60,Other,solo,5,35,True,83,1564.0539999999996,1560.0,
8,family_practice,Central,es,0.898,360,M,31,Black,solo,1,36,True,88,1582.4270000000004,1560.0,
9,family_practice,South,zh,0.938,360,F,30,Asian,solo,5,28,True,118,1563.7473999999997,1560.0,
10,family_practice,North,es,0.73,360,M,62,Other,solo,4,34,True,86,1564.0033999999998,1560.0,
11,family_practice,North,zh,0.705,360,F,61,Other,solo,3,19,True,93,1579.0553,1560.0,
12,family_practice,South,zh,0.94,360,M,36,Black,group,5,25,True,82,1572.6967000000002,1560.0,
13,family_practice,Central,en,0.709,360,M,42,White,solo,4,30,True,79,1561.3002,1560.0,
14,family_practice,West,zh,0.643,360,M,63,Hispanic,solo,5,9,True,78,1579.4993999999997,1560.0,
15,family_practice,Central,en,0.774,360,F,43,White,group,4,1,True,110,1577.8276999999994,1560.0,
16,family_practice,North,zh,0.701,360,F,64,Black,solo,5,3,True,109,1560.2083999999993,1560.0,
17,family_practice,West,en,0.599,360,M,51,White,group,4,5,True,88,1574.7540999999999,1560.0,
18,family_practice,West,es,0.618,360,F,40,Black,group,2,22,True,119,1562.3872999999985,1560.0,
19,family_practice,Central,en,0.677,360,F,54,Asian,solo,4,10,True,94,1566.4829,1560.0,
20,family_practice,West,es,0.691,360,F,43,Asian,group,3,7,True,109,1562.8592999999994,1560.0,
21,internal_medicine,South,es,0.72,360,F,38,White,solo,4,24,True,105,1579.5163999999997,1560.0,
22,internal_medicine,Central,en,1.0,360,M,42,White,group,2,31,True,82,1589.4707000000005,1560.0,
23,internal_medicine,Central,en,0.712,360,F,50,Black,solo,4,34,True,101,1571.3289999999997,1560.0,
24,internal_medicine,Central,zh,0.817,360,F,52,Black,solo,1,24,True,91,1570.6354999999996,1560.0,
25,internal_medicine,East,zh,0.858,360,M,46,Asian,solo,2,3,True,71,1576.9284000000005,1560.0,
26,internal_medicine,North,zh,1.0,360,F,34,White,solo,5,29,False,109,1577.2736999999997,1560.0,
27,internal_medicine,East,es,0.801,360,M,45,Hispanic,solo,3,39,True,78,1570.8223,1560.0,
28,internal_medicine,Central,en,0.823,360,M,37,Hispanic,solo,4,10,True,76,1573.4887999999996,1560.0,
29,internal_medicine,East,zh,0.674,360,F,32,Black,solo,3,9,True,118,1575.9915000000003,1560.0,
30,internal_medicine,South,zh,0.804,360,M,40,Other,solo,3,8,True,96,1560.5337,1560.0,
31,pediatrics,East,es,0.669,360,F,47,Asian,group,1,21,True,104,1561.5865999999996,1560.0,
32,pediatrics,East,zh,0.728,360,M,30,Other,solo,1,32,False,117,1581.3907999999994,1560.0,
33,pediatrics,South,es,0.704,360,M,55,Other,group,3,34,True,86,1571.8131000000003,1560.0,
34,pediatrics,South,en,0.979,360,F,40,Hispanic,solo,3,23,False,103,1560.7910999999997,1560.0,
35,pediatrics,Central,es,0.911,360,F,44,Other,group,1,37,True,76,1563.6937000000007,1560.0,
36,pediatrics,North,es,0.859,360,F,63,White,solo,3,1,True,97,1574.2549,1560.0,
37,pediatrics,East,en,0.793,360,F,40,Black,group,5,22,True,90,1571.1264999999999,1560.0,
38,pediatrics,Central,es,0.629,360,M,34,White,solo,5,21,True,92,1585.1555,1560.0,
39,internal_medicine,South,es,0.772,360,F,48,Other,solo,1,16,True,94,1574.8602999999998,1560.0,2023-02-19
40,internal_medicine,South,es,0.663,360,F,34,Other,solo,3,9,True,100,1573.6303999999998,1560.0,2023-02-23
41,family_practice,West,en,0.867,360,F,58,Other,solo,1,25,False,112,1563.2579000000005,1560.0,2023-02-23
42,family_practice,North,en,0.82,360,M,60,White,solo,5,8,True,95,1565.4933000000003,1560.0,2023-02-26
43,pediatrics,Central,zh,0.854,360,F,34,Other,solo,3,35,True,98,1560.188899999999,1560.0,2023-02-26
44,internal_medicine,West,en,0.814,360,F,33,White,group,5,40,True,104,1575.8783999999994,1560.0,2023-02-26
45,family_practice,East,en,0.724,360,F,37,Other,solo,1,9,True,109,1580.6510999999991,1560.0,2023-02-28
46,internal_medicine,West,en,0.726,360,F,49,Asian,solo,4,18,True,110,1571.7652999999996,1560.0,2023-03-02
47,family_practice,Central,zh,0.676,360,M,65,Asian,group,5,29,True,107,1586.6144999999995,1560.0,2023-03-02
48,pediatrics,West,en,0.794,360,F,37,Other,group,5,6,True,104,1592.3652999999995,1560.0,2023-03-03
49,family_practice,East,zh,0.721,360,M,62,Hispanic,group,3,38,True,120,1587.2907,1560.0,2023-03-04
50,internal_medicine,South,en,0.714,360,M,31,Other,group,5,8,True,125,1579.8790999999994,1560.0,2023-03-06
51,family_practice,North,zh,0.836,360,F,32,Other,group,1,3,True,108,1560.7404000000001,1560.0,2023-03-07
52,family_practice,West,en,0.82,360,M,55,Other,solo,1,30,True,106,1572.8471999999997,1560.0,2023-03-08
53,pediatrics,West,en,0.932,360,F,55,Black,solo,3,15,True,116,1561.0412999999992,1560.0,2023-03-08
54,family_practice,Central,zh,0.823,360,M,62,Hispanic,solo,5,22,True,103,1590.5366,1560.0,2023-03-10
55,internal_medicine,North,es,0.724,360,M,46,Black,solo,4,16,True,109,1570.5060000000012,1560.0,2023-03-11
56,family_practice,East,es,0.755,360,M,30,Black,group,2,38,False,102,1563.8737999999998,1560.0,2023-03-12
57,family_practice,East,en,0.685,360,M,65,White,group,1,40,True,102,1583.5332,1560.0,2023-03-14
58,pediatrics,South,zh,0.853,360,F,43,White,solo,4,29,True,112,1570.922999999999,1560.0,2023-03-15
59,internal_medicine,East,zh,0.849,360,M,50,Black,group,1,6,True,111,1576.2341,1560.0,2023-03-15
60,family_practice,South,zh,0.897,360,F,32,Asian,group,4,3,True,104,1570.8822999999995,1560.0,2023-03-16
61,family_practice,East,es,0.843,360,M,48,Hispanic,group,3,18,True,111,1569.3684999999996,1560.0,2023-03-18
62,internal_medicine,North,en,0.951,360,F,62,Asian,solo,5,16,True,120,1562.8088999999993,1560.0,2023-03-19
63,family_practice,North,es,0.764,360,M,37,White,group,1,32,True,104,1573.6657999999995,1560.0,2023-03-20
64,pediatrics,North,es,0.634,360,M,58,Black,solo,1,19,True,111,1578.5381000000002,1560.0,2023-03-20
65,family_practice,South,es,0.833,360,M,53,Black,group,4,25,True,114,1575.3645999999999,1560.0,2023-03-21
66,family_practice,West,es,0.848,360,M,49,White,group,3,33,True,104,1567.3623000000002,1560.0,2023-03-23
67,internal_medicine,South,en,0.817,360,M,47,Asian,solo,4,12,True,107,1570.0673,1560.0,2023-03-23
68,family_practice,West,zh,0.734,360,M,36,Other,solo,4,35,True,115,1562.6972000000003,1560.0,2023-03-25
69,internal_medicine,North,zh,0.87,360,M,32,White,solo,2,37,True,117,1589.2031000000002,1560.0,2023-03-27
70,pediatrics,West,es,0.937,360,F,60,Asian,group,4,29,True,114,1575.2237999999998,1560.0,2023-03-27
71,family_practice,Central,zh,0.876,360,F,65,Other,solo,1,18,True,118,1569.1358,1560.0,2023-03-27
72,family_practice,East,es,0.796,360,F,51,White,group,1,1,False,110,1576.3974999999994,1560.0,2023-03-29
73,internal_medicine,East,es,0.726,360,F,64,Asian,solo,1,32,True,122,1562.2717999999995,1560.0,2023-03-30
74,family_practice,West,en,0.724,360,F,30,Black,solo,1,5,True,118,1582.6906000000008,1560.0,2023-03-31
75,pediatrics,Central,en,0.709,360,F,56,Black,solo,3,39,True,101,1562.8142999999995,1560.0,2023-03-31
76,family_practice,Central,es,0.831,360,M,33,Hispanic,group,5,11,True,111,1561.677899999999,1560.0,2023-04-02
77,internal_medicine,South,en,0.646,360,M,62,Black,group,5,3,True,130,1562.5618999999992,1560.0,2023-04-03
78,family_practice,Central,en,0.886,360,F,54,Other,group,5,2,True,98,1565.3663,1560.0,2023-04-04
79,family_practice,Central,zh,0.922,360,F,51,Black,solo,3,7,True,116,1579.1291999999994,1560.0,2023-04-05
80,pediatrics,South,zh,0.789,360,F,57,Hispanic,solo,4,2,True,106,1576.9976000000004,1560.0,2023-04-06
81,family_practice,North,zh,0.659,360,M,45,White,group,1,38,True,119,1583.7941999999998,1560.0,2023-04-07
82,internal_medicine,West,es,0.708,360,M,60,Hispanic,solo,4,37,True,138,1563.293399999999,1560.0,2023-04-07
83,family_practice,North,zh,0.902,360,F,32,Other,group,5,39,True,130,1587.1246999999996,1560.0,2023-04-09
84,family_practice,North,es,0.591,360,M,53,Hispanic,solo,2,18,True,118,1563.3395999999982,1560.0,2023-04-11
85,pediatrics,North,en,0.709,360,F,54,Other,group,1,11,True,110,1584.2340999999992,1560.0,2023-04-11
86,internal_medicine,South,en,0.904,360,M,50,White,group,3,38,True,120,1576.7698,1560.0,2023-04-12
87,family_practice,West,en,0.748,360,M,52,Hispanic,group,2,40,True,113,1561.1090999999994,1560.0,2023-04-13
88,family_practice,South,es,0.726,360,M,32,Asian,solo,1,12,True,120,1580.9542999999992,1560.0,2023-04-15
89,internal_medicine,West,es,0.972,360,F,50,Other,group,2,27,True,106,1561.1725,1560.0,2023-04-15
90,pediatrics,North,zh,0.715,360,M,33,Black,group,5,33,True,111,1580.6981999999998,1560.0,2023-04-16
91,family_practice,South,es,0.655,360,M,50,Other,group,3,36,True,114,1564.237799999999,1560.0,2023-04-17
92,internal_medicine,South,en,0.838,360,F,49,White,solo,2,32,True,125,1583.9797999999996,1560.0,2023-04-18
93,family_practice,East,es,0.782,360,M,60,White,solo,1,3,True,128,1572.156799999999,1560.0,2023-04-19
94,family_practice,North,zh,0.58,360,M,51,Hispanic,solo,1,4,True,121,1565.0669,1560.0,2023-04-20
95,pediatrics,Central,zh,0.911,360,M,51,Asian,solo,3,22,True,121,1578.0938999999996,1560.0,2023-04-21
96,internal_medicine,South,en,0.79,360,M,42,Hispanic,group,5,7,True,112,1584.0848999999998,1560.0,2023-04-22
97,family_practice,North,zh,0.754,360,F,51,Asian,group,2,33,True,124,1565.1098000000002,1560.0,2023-04-22
98,family_practice,North,es,0.59,360,F,33,Hispanic,solo,3,7,True,117,1561.7311999999995,1560.0,2023-04-25
99,internal_medicine,South,en,0.919,360,M,54,Hispanic,solo,5,3,False,120,1560.6475999999998,1560.0,2023-04-25
100,pediatrics,Central,zh,0.629,360,F,55,Black,solo,2,6,True,117,1571.8340999999996,1560.0,2023-04-26
101,family_practice,Central,en,0.883,360,F,59,Hispanic,solo,1,3,True,123,1565.2684999999997,1560.0,2023-04-27
102,family_practice,West,es,0.834,360,F,38,White,group,5,39,True,119,1564.0730999999996,1560.0,2023-04-28
103,internal_medicine,North,es,0.744,360,M,34,Black,group,5,28,True,118,1574.8180999999995,1560.0,2023-04-29
104,family_practice,West,en,0.96,360,F,57,Asian,solo,3,25,True,125,1573.5312999999994,1560.0,2023-04-30
105,pediatrics,South,zh,0.992,360,M,47,White,solo,1,24,True,126,1569.6468,1560.0,2023-05-01
106,internal_medicine,West,zh,0.779,360,M,36,Asian,group,1,29,True,112,1573.0513999999998,1560.0,2023-05-02
107,family_practice,East,en,0.711,360,M,56,Black,group,5,34,True,131,1581.595,1560.0,2023-05-02
108,family_practice,East,zh,0.723,360,M,36,Black,group,5,21,True,130,1575.627999999998,1560.0,2023-05-04
109,internal_medicine,East,zh,0.765,360,M,50,Other,group,2,3,True,121,1574.534399999999,1560.0,2023-05-05
110,pediatrics,East,es,0.868,360,M,45,Other,solo,1,36,True,112,1560.7972,1560.0,2023-05-07
111,family_practice,West,es,0.812,360,M,62,White,solo,1,3,True,119,1570.2894999999996,1560.0,2023-05-07
112,internal_medicine,West,en,0.875,360,M,64,Black,solo,3,23,True,123,1568.8083999999997,1560.0,2023-05-09
113,family_practice,Central,es,0.7,360,M,47,White,group,4,39,True,133,1584.3976000000005,1560.0,2023-05-09
114,family_practice,South,es,0.645,360,F,54,White,group,1,12,True,120,1562.519599999999,1560.0,2023-05-11
115,pediatrics,South,zh,0.675,360,M,44,Other,group,5,23,True,117,1584.6186000000007,1560.0,2023-05-11
116,internal_medicine,East,es,0.787,360,M,65,Asian,group,2,4,True,110,1578.6957,1560.0,2023-05-12
117,family_practice,Central,zh,0.698,360,M,59,Other,solo,1,16,True,130,1561.8828,1560.0,2023-05-13
118,family_practice,North,zh,0.659,360,F,61,Other,solo,3,1,True,130,1587.7963999999993,1560.0,2023-05-15
119,pediatrics,Central,es,0.69,360,F,39,Black,group,4,10,True,144,1575.9014999999993,1560.0,2023-05-16
120,internal_medicine,South,en,0.824,360,F,44,White,group,4,14,True,124,1573.5975999999996,1560.0,2023-05-16
121,family_practice,North,zh,0.805,360,F,46,White,solo,1,3,True,104,1565.5805999999998,1560.0,2023-05-17
122,family_practice,East,zh,0.762,360,F,64,Hispanic,solo,3,14,True,113,1569.5229,1560.0,2023-05-19
123,internal_medicine,South,zh,0.977,360,F,62,Asian,solo,3,21,True,129,1568.0463999999995,1560.0,2023-05-20
124,family_practice,South,es,0.944,360,F,44,Asian,group,2,37,False,128,1561.4266,1560.0,2023-05-21
125,pediatrics,East,zh,0.601,360,M,53,Black,group,5,2,True,134,1587.1471999999999,1560.0,2023-05-23
126,family_practice,Central,es,0.674,360,F,60,Hispanic,group,4,34,True,122,1578.2009,1560.0,2023-05-23
127,internal_medicine,West,es,0.674,360,M,51,White,group,2,8,True,109,1578.1390000000001,1560.0,2023-05-24
128,family_practice,North,en,0.689,360,M,59,White,solo,2,18,True,115,1575.8515999999997,1560.0,2023-05-25
129,internal_medicine,East,zh,0.894,360,F,43,Black,solo,1,17,True,142,1565.3309999999997,1560.0,2023-05-27
130,family_practice,Central,zh,0.588,360,M,63,Hispanic,solo,3,14,True,110,1562.0657999999996,1560.0,2023-05-28
131,pediatrics,South,zh,0.735,360,M,55,White,solo,5,34,True,129,1582.3091999999997,1560.0,2023-05-29
132,family_practice,North,en,0.928,360,F,33,Asian,solo,5,19,True,119,1560.698399999999,1560.0,2023-05-29
133,family_practice,West,es,0.669,360,M,59,Asian,solo,5,25,True,125,1560.5131999999999,1560.0,2023-05-31
134,internal_medicine,North,zh,0.81,360,F,38,Other,solo,3,26,True,116,1582.1458999999995,1560.0,2023-06-01
135,family_practice,West,es,0.818,360,F,57,Other,group,4,27,True,112,1565.285,1560.0,2023-06-02
136,pediatrics,West,zh,0.994,360,F,52,Hispanic,solo,2,36,True,107,1570.6102999999991,1560.0,2023-06-04
137,family_practice,Central,en,0.934,360,M,55,Other,solo,1,22,True,104,1571.6735999999994,1560.0,2023-06-04
138,internal_medicine,East,zh,0.998,360,F,49,Asian,group,1,23,True,119,1572.0832999999996,1560.0,2023-06-05
139,family_practice,South,en,0.778,360,M,50,Black,group,5,4,True,127,1562.2136999999996,1560.0,2023-06-06
140,family_practice,Central,en,0.68,360,M,51,Black,group,5,39,True,118,1573.0495000000003,1560.0,2023-06-08
141,internal_medicine,North,es,0.643,360,F,43,White,group,1,19,True,115,1562.8436999999994,1560.0,2023-06-08
142,pediatrics,Central,es,0.651,360,M,31,Black,group,4,27,True,155,1592.9263999999991,1560.0,2023-06-09
143,family_practice,North,en,0.604,360,F,56,Asian,solo,3,26,True,128,1580.8609999999999,1560.0,2023-06-10
144,internal_medicine,North,zh,0.962,360,M,39,Hispanic,solo,5,25,True,126,1566.5852999999997,1560.0,2023-06-12
145,family_practice,West,en,0.888,360,M,54,Black,solo,3,18,False,114,1569.9908999999998,1560.0,2023-06-12
146,family_practice,North,es,0.782,360,M,56,Black,group,4,29,True,122,1581.531499999999,1560.0,2023-06-14
147,internal_medicine,North,zh,0.998,360,F,58,Other,group,4,21,True,113,1574.7184999999995,1560.0,2023-06-15
148,family_practice,West,en,0.788,360,F,41,Asian,solo,5,30,True,113,1579.8792999999998,1560.0,2023-06-16
149,pediatrics,East,en,0.81,360,F,61,Other,solo,4,20,True,160,1580.9393999999998,1560.0,2023-06-16
150,internal_medicine,Central,en,0.946,360,F,50,Hispanic,solo,5,26,True,110,1564.5791999999994,1560.0,2023-06-18
151,family_practice,West,zh,0.787,360,M,37,Other,solo,1,39,True,126,1590.6887999999992,1560.0,2023-06-18
152,family_practice,East,zh,0.758,360,F,34,Black,solo,1,2,True,116,1569.5370999999996,1560.0,2023-06-20
153,internal_medicine,South,zh,0.663,360,M,42,Asian,group,2,23,True,127,1579.4561999999994,1560.0,2023-06-21
154,family_practice,South,zh,0.826,360,M,57,Asian,group,4,10,True,142,1565.483899999999,1560.0,2023-06-22
155,pediatrics,West,es,0.619,360,F,54,Black,solo,3,12,True,121,1560.0549999999996,1560.0,2023-06-24
156,family_practice,Central,en,0.73,360,M,65,Asian,solo,5,32,True,118,1584.7724999999996,1560.0,2023-06-24
157,internal_medicine,Central,es,0.676,360,F,60,Hispanic,solo,3,30,True,155,1568.3015000000005,1560.0,2023-06-24
158,family_practice,South,zh,0.769,360,M,52,White,group,3,39,True,120,1573.1420000000003,1560.0,2023-06-26
159,family_practice,South,es,0.788,360,M,59,Hispanic,group,4,26,True,118,1564.1928999999986,1560.0,2023-06-27
160,internal_medicine,West,en,0.718,360,M,50,White,group,5,7,True,126,1560.9980000000003,1560.0,2023-06-28
161,family_practice,Central,zh,0.958,360,F,46,Other,group,3,28,True,133,1566.1259,1560.0,2023-06-29
162,pediatrics,Central,zh,0.647,360,F,45,Black,group,4,21,True,113,1564.959799999999,1560.0,2023-06-29
163,family_practice,North,es,0.614,360,F,52,Other,group,1,3,True,125,1561.1178,1560.0,2023-06-30
164,internal_medicine,North,zh,0.889,360,F,59,Black,group,2,30,True,146,1573.0162999999993,1560.0,2023-07-01
165,family_practice,North,en,0.648,360,M,30,Black,solo,1,39,False,147,1560.5721999999985,1560.0,2023-07-02
166,pediatrics,West,zh,0.739,360,M,62,Black,solo,3,1,True,115,1573.7439,1560.0,2023-07-02
167,family_practice,East,es,0.76,360,F,64,Black,solo,3,20,True,132,1562.7156999999995,1560.0,2023-07-03
168,family_practice,East,es,0.87,360,M,32,Other,group,2,20,True,148,1567.2894999999999,1560.0,2023-07-05
169,internal_medicine,South,es,0.906,360,F,49,Asian,solo,3,39,True,140,1560.7400999999995,1560.0,2023-07-05
170,pediatrics,Central,es,0.813,360,F,41,Other,solo,4,3,True,123,1576.2559999999994,1560.0,2023-07-06
171,family_practice,Central,zh,0.842,360,M,56,Asian,solo,1,26,True,135,1591.9596999999994,1560.0,2023-07-07
172,internal_medicine,South,en,0.686,360,M,52,Hispanic,group,3,2,True,120,1565.1923999999997,1560.0,2023-07-08
173,family_practice,Central,zh,0.712,360,M,56,Black,solo,2,14,True,143,1574.7437,1560.0,2023-07-09
174,family_practice,South,en,0.708,360,M,55,Hispanic,solo,1,38,True,146,1560.8651999999988,1560.0,2023-07-11
175,pediatrics,East,zh,0.825,360,F,44,White,solo,5,29,True,120,1588.8170999999995,1560.0,2023-07-11
176,internal_medicine,West,zh,0.729,360,F,63,Hispanic,group,5,23,True,134,1560.9084,1560.0,2023-07-11
177,family_practice,North,en,0.95,360,M,61,Asian,solo,3,16,True,176,1570.5519999999992,1560.0,2023-07-12
178,internal_medicine,East,zh,0.655,360,M,44,Black,group,2,12,True,139,1578.3714999999997,1560.0,2023-07-14
179,family_practice,East,zh,0.809,360,M,36,Asian,solo,5,24,True,144,1565.3180999999988,1560.0,2023-07-14
180,pediatrics,South,zh,0.972,360,F,51,Other,group,4,34,True,130,1563.113299999999,1560.0,2023-07-15
181,family_practice,Central,es,0.78,360,M,49,Other,solo,2,4,True,130,1571.2178000000001,1560.0,2023-07-15
182,internal_medicine,East,es,0.701,360,M,62,Asian,solo,4,17,False,145,1581.0845999999992,1560.0,2023-07-17
183,family_practice,Central,zh,0.731,360,F,47,Black,solo,1,23,True,135,1561.565499999999,1560.0,2023-07-17
184,pediatrics,West,es,0.768,360,F,44,Asian,solo,3,1,True,133,1561.8904999999997,1560.0,2023-07-18
185,family_practice,North,es,0.943,360,M,65,Asian,group,2,20,True,132,1561.0779999999993,1560.0,2023-07-19
186,family_practice,West,en,0.945,360,F,39,Other,group,4,38,False,155,1568.983699999999,1560.0,2023-07-20
187,internal_medicine,West,en,0.734,360,M,38,Other,solo,5,15,True,134,1575.3519999999992,1560.0,2023-07-20
188,family_practice,South,en,0.862,360,F,55,Other,solo,1,36,True,133,1564.2751999999991,1560.0,2023-07-22
189,pediatrics,West,zh,0.745,360,F,57,Asian,group,2,26,True,164,1571.4371999999976,1560.0,2023-07-22
190,internal_medicine,East,en,0.826,360,F,59,Black,solo,4,34,True,121,1586.8630999999998,1560.0,2023-07-23
191,family_practice,South,zh,0.743,360,F,62,Black,group,3,6,False,138,1560.1747999999984,1560.0,2023-07-24
192,family_practice,South,zh,0.644,360,M,53,White,solo,4,18,True,138,1560.2393999999986,1560.0,2023-07-25
193,internal_medicine,South,es,1.0,360,M,44,Asian,solo,4,30,True,117,1560.0341999999996,1560.0,2023-07-25
194,family_practice,East,zh,0.869,360,F,51,White,group,5,27,True,142,1564.4480999999994,1560.0,2023-07-27
195,pediatrics,North,zh,0.835,360,F,32,Black,group,2,34,True,146,1561.8717999999988,1560.0,2023-07-27
196,internal_medicine,North,es,0.869,360,F,46,Hispanic,group,2,5,True,160,1581.4199999999983,1560.0,2023-07-28
197,family_practice,North,es,0.742,360,M,54,White,solo,4,27,True,150,1567.6539999999989,1560.0,2023-07-29
198,family_practice,East,es,0.746,360,F,50,Black,solo,4,40,True,133,1560.3846999999998,1560.0,2023-07-30
199,internal_medicine,North,en,0.711,360,F,49,Black,group,2,32,True,133,1561.2142999999996,1560.0,2023-07-31
200,family_practice,South,es,0.853,360,F,44,Asian,solo,1,39,True,157,1581.0584999999999,1560.0,2023-08-01
201,pediatrics,Central,zh,0.806,360,F,52,Other,group,3,27,True,146,1561.6532000000002,1560.0,2023-08-01
202,family_practice,Central,en,0.92,360,F,31,White,solo,4,17,False,143,1570.0648999999999,1560.0,2023-08-02
203,internal_medicine,South,en,0.665,360,F,34,White,solo,4,8,True,157,1579.8726999999988,1560.0,2023-08-03
204,family_practice,West,zh,0.855,360,F,50,Hispanic,solo,1,35,True,135,1571.1922,1560.0,2023-08-04
205,family_practice,South,es,0.791,360,F,39,White,group,5,30,True,136,1565.1939,1560.0,2023-08-06
206,pediatrics,Central,es,0.969,360,M,58,Other,group,5,10,True,126,1564.266799999999,1560.0,2023-08-06
207,internal_medicine,West,es,0.742,360,F,55,Other,group,3,34,True,155,1560.249499999999,1560.0,2023-08-06
208,family_practice,West,en,0.81,360,M,34,Asian,group,4,26,True,146,1576.6719999999996,1560.0,2023-08-07
209,family_practice,West,es,0.762,360,M,38,Black,solo,5,18,True,145,1577.9668999999994,1560.0,2023-08-09
210,internal_medicine,Central,zh,0.712,360,F,63,Asian,solo,1,5,True,147,1560.1697999999988,1560.0,2023-08-09
211,pediatrics,West,en,0.786,360,M,62,Hispanic,solo,5,40,True,152,1564.7096999999992,1560.0,2023-08-10
212,family_practice,East,es,0.961,360,M,60,White,group,1,25,True,147,1574.3170999999993,1560.0,2023-08-10
213,family_practice,North,en,0.643,360,M,52,Other,group,1,36,True,143,1561.8415999999982,1560.0,2023-08-12
214,internal_medicine,North,es,0.843,360,M,34,Asian,group,2,24,True,164,1564.3973999999987,1560.0,2023-08-13
215,family_practice,North,es,0.837,360,F,65,White,group,5,18,True,140,1560.786899999999,1560.0,2023-08-14
216,pediatrics,North,en,0.597,360,M,55,Hispanic,group,2,7,True,146,1578.8367999999998,1560.0,2023-08-15
217,family_practice,West,zh,0.847,360,F,38,Hispanic,solo,4,6,True,155,1564.4886999999999,1560.0,2023-08-15
218,internal_medicine,East,en,0.877,360,M,38,White,group,1,8,False,152,1563.0204999999994,1560.0,2023-08-16
219,family_practice,South,es,0.8,360,F,33,White,group,4,13,True,132,1574.9941000000001,1560.0,2023-08-17
220,family_practice,East,en,0.715,360,M,55,Black,solo,1,11,True,135,1575.3654999999994,1560.0,2023-08-19
221,pediatrics,East,en,0.815,360,F,56,Other,solo,3,22,True,139,1564.7326999999993,1560.0,2023-08-20
222,internal_medicine,South,zh,0.901,360,M,41,Hispanic,group,5,19,True,139,1569.7009999999998,1560.0,2023-08-20
223,family_practice,West,zh,0.703,360,F,36,Hispanic,solo,2,18,True,155,1565.4390999999996,1560.0,2023-08-21
224,family_practice,East,en,0.857,360,M,65,Hispanic,solo,4,6,True,150,1574.9687999999978,1560.0,2023-08-22
225,internal_medicine,Central,zh,0.991,360,M,57,Black,solo,4,11,True,156,1582.409999999998,1560.0,2023-08-23
226,family_practice,Central,zh,0.748,360,F,62,Asian,solo,2,3,True,192,1578.193599999999,1560.0,2023-08-24
227,pediatrics,West,en,0.853,360,F,44,Asian,solo,1,24,True,133,1576.4699999999998,1560.0,2023-08-25
228,family_practice,South,es,0.77,360,M,38,White,solo,5,38,True,130,1560.0152,1560.0,2023-08-26
229,internal_medicine,South,en,0.963,360,F,40,Other,group,2,25,True,169,1578.3118999999988,1560.0,2023-08-26
230,family_practice,West,zh,0.717,360,M,56,Black,solo,3,17,True,156,1581.1610999999991,1560.0,2023-08-28
231,pediatrics,South,es,0.622,360,M,54,Other,group,5,18,False,140,1570.0672999999997,1560.0,2023-08-30
232,family_practice,North,zh,0.804,360,M,64,Asian,group,1,17,True,134,1570.4504000000004,1560.0,2023-08-31
233,internal_medicine,West,en,0.649,360,F,47,Other,group,1,11,True,147,1564.8951999999988,1560.0,2023-08-31
234,family_practice,West,es,0.772,360,F,45,Other,group,4,5,True,142,1563.4383000000003,1560.0,2023-09-01
235,family_practice,Central,es,0.786,360,M,53,White,group,1,16,True,136,1567.4893999999986,1560.0,2023-09-03
236,pediatrics,North,zh,0.948,360,F,58,Asian,group,4,29,True,157,1562.7349999999994,1560.0,2023-09-03
237,internal_medicine,South,en,0.97,360,M,35,Hispanic,group,1,39,False,140,1585.6209999999996,1560.0,2023-09-04
238,family_practice,South,es,0.679,360,F,35,Hispanic,group,3,8,True,129,1583.4145999999992,1560.0,2023-09-05
239,family_practice,Central,en,0.872,360,M,52,Other,solo,5,9,True,145,1572.7331999999988,1560.0,2023-09-07
240,internal_medicine,Central,es,0.855,360,F,62,Black,group,1,14,True,157,1562.0651999999989,1560.0,2023-09-07
241,family_practice,West,zh,0.953,360,F,59,Asian,group,4,29,True,150,1562.5662999999988,1560.0,2023-09-08
242,pediatrics,East,zh,0.929,360,F,64,Other,group,2,14,False,130,1570.4896999999994,1560.0,2023-09-09
243,family_practice,South,es,0.87,360,M,40,Other,solo,4,32,True,159,1563.8916999999988,1560.0,2023-09-10
244,internal_medicine,West,en,0.865,360,M,52,White,group,3,28,True,139,1577.6737,1560.0,2023-09-11
245,family_practice,North,zh,0.792,360,M,53,White,solo,5,13,True,147,1575.4223999999995,1560.0,2023-09-13
246,pediatrics,East,zh,1.0,360,F,61,Asian,group,2,37,False,128,1588.4661999999994,1560.0,2023-09-13
247,internal_medicine,East,en,0.843,360,F,62,Other,solo,5,16,True,139,1565.5718,1560.0,2023-09-14
248,family_practice,South,es,0.761,360,F,58,Asian,group,3,23,True,154,1567.3238999999992,1560.0,2023-09-15
249,internal_medicine,East,en,0.875,360,F,45,White,solo,3,25,True,115,1560.6298000000002,1560.0,2023-09-17
250,family_practice,North,es,0.614,360,F,63,Asian,group,5,25,True,162,1567.6102999999994,1560.0,2023-09-17
251,pediatrics,West,zh,0.646,360,F,49,Hispanic,solo,3,18,True,139,1573.6165999999994,1560.0,2023-09-18
252,family_practice,North,es,0.831,360,M,48,Other,solo,2,7,True,122,1567.5662999999997,1560.0,2023-09-19
253,internal_medicine,East,en,0.974,360,F,47,Black,group,1,11,True,119,1580.1026,1560.0,2023-09-20
254,family_practice,North,zh,0.615,360,F,64,White,group,3,5,True,141,1584.3323999999993,1560.0,2023-09-21
255,internal_medicine,South,zh,0.848,360,M,31,White,group,1,2,True,150,1570.5988000000004,1560.0,2023-09-22
256,family_practice,East,zh,0.822,360,M,45,Other,group,2,20,True,161,1586.166199999999,1560.0,2023-09-23
257,pediatrics,West,en,0.878,360,M,63,White,solo,3,8,True,139,1584.5962999999997,1560.0,2023-09-23
258,family_practice,Central,es,0.568,360,F,37,Other,group,3,6,True,129,1561.2514999999999,1560.0,2023-09-25
259,internal_medicine,North,zh,0.884,360,M,56,Hispanic,group,4,4,True,137,1561.2642999999998,1560.0,2023-09-26
260,family_practice,West,es,0.616,360,M,35,Hispanic,group,3,22,True,146,1568.7770999999993,1560.0,2023-09-26
261,family_practice,South,zh,0.62,360,M,34,Hispanic,group,3,26,True,128,1565.6243999999992,1560.0,2023-09-28
262,pediatrics,Central,en,0.845,360,M,52,Other,group,4,7,True,117,1581.5408999999995,1560.0,2023-09-28
263,internal_medicine,South,zh,1.0,360,F,59,Other,solo,4,31,True,149,1576.221499999999,1560.0,2023-09-30
264,family_practice,West,es,0.993,360,M,40,Black,solo,5,37,True,150,1567.6890999999996,1560.0,2023-09-30
265,family_practice,West,es,0.622,360,M,50,White,group,1,15,True,141,1565.6453999999997,1560.0,2023-10-02
266,pediatrics,Central,zh,0.994,360,F,61,White,solo,4,25,True,138,1561.083799999999,1560.0,2023-10-02
267,internal_medicine,Central,es,0.751,360,M,35,Other,group,4,29,True,140,1560.8198999999997,1560.0,2023-10-03
268,family_practice,East,en,0.928,360,M,31,Hispanic,group,4,39,True,143,1572.6294999999996,1560.0,2023-10-04
269,family_practice,Central,zh,0.62,360,M,41,Black,group,1,5,True,142,1571.6683999999987,1560.0,2023-10-05
270,pediatrics,North,es,0.708,360,F,37,Hispanic,group,4,36,False,135,1565.5381000000004,1560.0,2023-10-07
271,internal_medicine,East,zh,0.816,360,F,36,Black,solo,1,39,True,137,1561.8567000000003,1560.0,2023-10-07
272,family_practice,East,es,0.645,360,F,34,White,solo,4,38,False,134,1562.9836999999989,1560.0,2023-10-07
273,family_practice,East,zh,0.805,360,M,56,Asian,group,3,4,True,131,1575.5400999999997,1560.0,2023-10-09
274,family_practice,West,zh,0.85,360,F,40,Asian,solo,3,3,True,156,1575.7711999999997,1560.0,2023-10-10
275,internal_medicine,North,es,0.763,360,M,33,White,solo,5,33,True,119,1560.5102999999997,1560.0,2023-10-10
276,pediatrics,North,en,0.777,360,F,61,Black,solo,4,35,True,161,1577.3847,1560.0,2023-10-12
277,family_practice,East,zh,0.682,360,F,65,Asian,group,3,20,True,154,1581.4885999999992,1560.0,2023-10-12
278,internal_medicine,Central,es,0.935,360,F,60,Hispanic,solo,3,29,True,154,1584.4264999999991,1560.0,2023-10-14
279,family_practice,South,en,0.858,360,F,32,Other,solo,3,8,True,146,1564.8068,1560.0,2023-10-14
280,family_practice,Central,en,0.88,360,M,50,White,solo,3,20,True,117,1573.3036999999993,1560.0,2023-10-16
281,internal_medicine,East,zh,0.82,360,M,61,Asian,group,5,20,True,156,1568.5980999999997,1560.0,2023-10-17
282,pediatrics,Central,zh,0.935,360,M,35,Asian,group,3,1,False,165,1562.9380999999987,1560.0,2023-10-17
283,family_practice,East,en,0.633,360,M,56,Hispanic,solo,5,11,True,136,1573.02,1560.0,2023-10-18
284,family_practice,East,zh,0.657,360,F,60,Other,group,4,10,True,144,1580.8589000000004,1560.0,2023-10-19
285,internal_medicine,North,en,0.969,360,F,57,Black,group,5,19,True,134,1562.2232999999994,1560.0,2023-10-21
286,family_practice,East,en,0.794,360,M,33,Asian,solo,1,23,True,120,1573.3541999999998,1560.0,2023-10-21
287,pediatrics,West,es,0.91,360,M,59,Asian,solo,5,22,False,129,1561.6946999999998,1560.0,2023-10-23
288,family_practice,West,es,0.688,360,F,63,Hispanic,group,3,24,False,136,1569.4515999999999,1560.0,2023-10-23
289,internal_medicine,South,es,0.966,360,M,46,Black,group,2,19,True,126,1573.9595999999992,1560.0,2023-10-24
290,family_practice,Central,en,0.706,360,M,37,Asian,solo,2,12,True,129,1582.5516999999993,1560.0,2023-10-25
291,family_practice,Central,es,0.678,360,M,52,Hispanic,solo,5,20,True,174,1583.0448999999992,1560.0,2023-10-26
292,internal_medicine,Central,en,0.658,360,M,41,Other,solo,2,2,True,153,1561.1425,1560.0,2023-10-27
293,pediatrics,West,en,0.949,360,M,58,White,group,5,37,False,140,1572.8089000000002,1560.0,2023-10-28
294,family_practice,East,es,0.795,360,M,49,Hispanic,group,2,8,True,140,1565.4165,1560.0,2023-10-28
295,family_practice,South,zh,0.882,360,M,47,Hispanic,solo,2,16,True,139,1563.6537999999998,1560.0,2023-10-30
296,internal_medicine,Central,zh,0.707,360,M,60,Asian,solo,1,31,True,137,1587.3521999999994,1560.0,2023-10-30
297,family_practice,West,en,0.939,360,F,31,Other,group,1,37,True,151,1581.723,1560.0,2023-11-01
298,pediatrics,West,es,0.846,360,M,57,Other,solo,2,5,True,148,1564.8709999999985,1560.0,2023-11-02
299,family_practice,West,es,0.789,360,M,64,Black,solo,5,26,True,131,1561.8054999999995,1560.0,2023-11-02
300,internal_medicine,East,zh,0.872,360,F,48,Asian,group,4,8,False,172,1560.4286999999988,1560.0,2023-11-03
301,family_practice,South,es,0.948,360,M,48,Asian,group,4,23,True,162,1566.703699999999,1560.0,2023-11-04
302,family_practice,North,zh,0.849,360,F,50,White,solo,1,35,True,136,1562.9067999999995,1560.0,2023-11-06
303,pediatrics,East,zh,0.725,360,M,35,Black,group,1,8,True,140,1560.292699999999,1560.0,2023-11-07
304,internal_medicine,South,en,0.796,360,M,64,White,solo,1,1,True,149,1566.9917999999996,1560.0,2023-11-07
305,family_practice,South,en,0.814,360,M,55,Black,solo,2,28,True,146,1560.1919999999989,1560.0,2023-11-08
306,family_practice,Central,zh,0.728,360,F,46,Other,group,3,30,True,142,1583.6200999999987,1560.0,2023-11-10
307,internal_medicine,East,en,0.671,360,F,65,Black,group,4,20,True,142,1567.0185999999994,1560.0,2023-11-11
308,family_practice,West,es,0.916,360,F,47,Black,solo,3,17,True,131,1564.0648999999999,1560.0,2023-11-12
309,pediatrics,West,en,0.736,360,M,51,Asian,solo,4,5,True,137,1565.7687999999991,1560.0,2023-11-13
310,family_practice,West,en,0.693,360,M,53,Black,group,5,1,True,136,1562.774999999999,1560.0,2023-11-14
311,internal_medicine,South,en,0.943,360,F,31,Hispanic,solo,2,19,True,149,1581.9831999999992,1560.0,2023-11-15
312,family_practice,West,en,0.75,360,F,53,Other,group,4,36,True,130,1579.2231999999988,1560.0,2023-11-16
313,pediatrics,Central,en,0.802,360,M,51,Black,group,3,26,True,152,1581.2323999999994,1560.0,2023-11-18
314,family_practice,North,en,0.615,360,F,30,Black,solo,5,25,True,129,1565.6384999999989,1560.0,2023-11-18
315,internal_medicine,West,es,0.985,360,M,52,Black,group,2,37,True,144,1570.3106000000005,1560.0,2023-11-19
316,family_practice,North,es,0.887,360,F,53,Black,group,1,27,True,129,1588.0144999999993,1560.0,2023-11-20
317,family_practice,Central,en,0.797,360,F,47,Other,group,4,8,True,124,1572.2032,1560.0,2023-11-22
318,internal_medicine,West,en,0.945,360,M,49,Asian,solo,1,26,True,139,1567.4840999999988,1560.0,2023-11-22
319,family_practice,West,zh,0.845,360,F,60,Hispanic,group,1,27,True,136,1562.0910999999992,1560.0,2023-11-24
320,pediatrics,East,es,0.769,360,F,58,Other,solo,3,9,True,138,1577.9398999999996,1560.0,2023-11-25
321,family_practice,South,en,0.78,360,M,50,Hispanic,group,3,25,True,125,1575.364,1560.0,2023-11-26
322,internal_medicine,West,zh,0.815,360,F,39,Asian,solo,4,12,True,136,1566.8620999999998,1560.0,2023-11-26
323,family_practice,Central,es,0.727,360,M,41,Other,group,3,33,True,139,1564.9682999999998,1560.0,2023-11-28
324,pediatrics,Central,en,0.67,360,F,39,White,group,3,34,True,138,1570.7539000000004,1560.0,2023-11-30
325,internal_medicine,North,en,0.905,360,F,38,Hispanic,group,1,33,True,151,1585.206099999999,1560.0,2023-11-30
326,family_practice,Central,zh,0.918,360,M,56,Black,group,2,14,True,124,1563.4424000000006,1560.0,2023-11-30
327,family_practice,West,es,0.745,360,M,33,Black,solo,3,4,True,128,1588.5992999999994,1560.0,2023-12-02
328,internal_medicine,South,en,0.836,360,M,36,Hispanic,solo,5,32,True,135,1579.7695,1560.0,2023-12-03
329,family_practice,West,zh,0.772,360,M,60,Asian,solo,2,39,True,136,1575.3469,1560.0,2023-12-04
330,pediatrics,Central,zh,0.914,360,F,62,Asian,solo,2,3,True,114,1571.7241999999997,1560.0,2023-12-04
331,family_practice,Central,zh,0.955,360,F,55,Asian,group,5,37,True,129,1560.6467999999988,1560.0,2023-12-06
332,internal_medicine,South,es,0.987,360,M,47,White,group,5,9,True,136,1563.5942999999993,1560.0,2023-12-07
333,family_practice,Central,en,0.733,360,F,54,Black,solo,3,12,True,151,1561.5018999999993,1560.0,2023-12-08
334,pediatrics,West,es,0.718,360,M,60,White,solo,5,12,False,138,1582.1648999999993,1560.0,2023-12-09
335,family_practice,West,en,0.95,360,F,53,Hispanic,group,2,32,True,147,1560.6544000000006,1560.0,2023-12-10
336,internal_medicine,North,es,0.651,360,F,48,Asian,solo,3,2,True,131,1571.2512000000002,1560.0,2023-12-11
337,family_practice,South,es,0.96,360,F,47,Asian,solo,3,26,True,132,1585.0168999999994,1560.0,2023-12-12
338,family_practice,West,zh,0.905,360,M,57,Other,solo,4,18,False,142,1575.6279,1560.0,2023-12-14
339,pediatrics,Central,en,0.656,360,M,46,White,group,3,13,True,158,1565.3010999999988,1560.0,2023-12-14
340,internal_medicine,West,zh,0.942,360,F,46,White,group,4,35,True,135,1567.4240999999995,1560.0,2023-12-14
341,family_practice,South,es,0.946,360,M,41,Other,solo,1,14,False,140,1563.8599999999994,1560.0,2023-12-16
342,family_practice,Central,zh,0.68,360,M,56,Asian,group,3,23,True,126,1561.6173000000001,1560.0,2023-12-18
343,internal_medicine,East,es,0.693,360,F,65,Other,solo,2,24,False,124,1573.619599999999,1560.0,2023-12-18
344,family_practice,South,zh,0.784,360,F,49,Other,group,5,25,True,131,1568.2203999999997,1560.0,2023-12-19
345,pediatrics,North,zh,0.865,360,F,61,White,group,1,30,False,141,1583.3547999999998,1560.0,2023-12-20
346,internal_medicine,North,es,0.738,360,F,41,Black,solo,4,16,True,109,1576.5761999999995,1560.0,2023-12-21
347,family_practice,West,en,0.773,360,F,44,Asian,group,1,7,False,146,1579.8365999999994,1560.0,2023-12-21
348,family_practice,West,zh,0.797,360,M,30,Other,solo,5,33,True,132,1582.5422999999996,1560.0,2023-12-23
349,internal_medicine,West,es,0.835,360,M,34,Other,solo,2,29,True,135,1580.5372999999997,1560.0,2023-12-23
350,family_practice,East,zh,0.786,360,M,62,Hispanic,solo,1,7,True,135,1570.0561999999995,1560.0,2023-12-24
351,pediatrics,North,zh,0.887,360,F,40,Black,solo,4,4,True,139,1588.7276999999992,1560.0,2023-12-25
352,internal_medicine,West,es,0.773,360,M,61,Asian,solo,3,39,True,147,1584.4386999999995,1560.0,2023-12-26
353,family_practice,Central,es,0.847,360,M,37,Black,group,2,28,True,149,1560.6126999999985,1560.0,2023-12-26
354,family_practice,North,es,0.9,360,M,64,Hispanic,group,3,25,True,153,1561.5149000000008,1560.0,2023-12-28
355,pediatrics,North,es,0.694,360,F,57,Asian,solo,3,7,True,149,1561.0989000000002,1560.0,2023-12-29
356,internal_medicine,East,zh,0.808,360,M,56,Other,group,3,18,False,132,1564.884699999999,1560.0,2023-12-29
357,family_practice,West,en,0.924,360,M,51,Other,solo,5,36,True,140,1575.6770000000001,1560.0,2023-12-30
358,family_practice,South,es,0.589,360,F,46,Black,solo,4,6,True,146,1578.517199999999,1560.0,2023-12-31
359,internal_medicine,East,zh,1.0,360,F,64,Black,group,2,31,False,164,1560.1869999999983,1560.0,2024-01-01
360,family_practice,South,zh,0.668,360,M,31,White,solo,4,25,True,161,1566.8297000000002,1560.0,2024-01-01
361,pediatrics,South,en,0.742,360,F,46,Hispanic,group,2,22,True,171,1574.056,1560.0,2024-01-02
362,family_practice,West,en,0.876,360,F,45,Black,group,5,34,True,167,1573.4211999999995,1560.0,2024-01-03
363,internal_medicine,Central,en,0.712,360,M,40,White,group,1,17,False,181,1564.8766999999987,1560.0,2024-01-04
364,family_practice,Central,en,0.861,360,M,48,Other,solo,3,39,True,174,1574.7950999999998,1560.0,2024-01-05
365,family_practice,Central,en,0.771,360,M,54,Asian,group,2,16,True,170,1583.937699999999,1560.0,2024-01-06
366,pediatrics,South,en,0.673,360,M,35,Black,solo,5,15,True,180,1562.7707999999993,1560.0,2024-01-07
367,internal_medicine,West,es,1.0,360,M,53,Asian,solo,4,20,True,182,1560.4512999999986,1560.0,2024-01-07
368,family_practice,South,zh,0.784,360,M,52,Hispanic,group,2,38,False,236,1562.4019,1560.0,2024-01-08
369,family_practice,West,en,0.713,360,F,53,Hispanic,group,4,32,True,214,1565.4446999999998,1560.0,2024-01-11
370,internal_medicine,East,en,0.991,360,F,41,Other,group,5,19,True,236,1561.9759999999985,1560.0,2024-01-11
371,pediatrics,Central,en,0.77,360,M,30,Other,solo,3,3,True,253,1573.003899999999,1560.0,2024-01-13
372,family_practice,North,es,0.641,360,F,53,Other,group,2,18,True,241,1580.8946999999982,1560.0,2024-01-13
373,family_practice,South,en,0.832,360,M,60,Asian,group,1,25,True,270,1576.3264999999983,1560.0,2024-01-16
374,internal_medicine,North,zh,0.864,360,F,56,Hispanic,group,2,8,True,278,1562.7275999999972,1560.0,2024-01-17
375,family_practice,West,zh,0.896,360,M,56,Asian,group,3,35,True,324,1572.3950999999984,1560.0,2024-01-19
376,pediatrics,West,en,0.875,360,M,55,Other,solo,5,40,True,330,1562.0337999999983,1560.0,2024-01-20
377,internal_medicine,East,en,0.79,360,F,43,Other,group,5,40,True,375,1562.3862999999963,1560.0,2024-01-23
378,family_practice,West,es,0.65,360,F,46,Black,group,3,37,False,361,1564.6302999999982,1560.0,2024-01-24
379,family_practice,South,en,0.684,360,M,36,Hispanic,group,3,2,True,389,1563.1135999999967,1560.0,2024-01-30
380,pediatrics,Central,zh,0.867,360,M,65,Hispanic,group,1,20,True,447,1562.2691999999968,1560.0,2024-02-03
381,internal_medicine,North,en,0.945,360,M,48,Asian,group,1,19,True,426,1560.6617999999983,1560.0,2024-02-03
382,family_practice,West,es,0.7,360,F,45,Other,solo,3,27,False,430,1560.1807999999983,1560.0,2024-02-05
383,family_practice,South,en,0.594,360,M,59,Asian,solo,1,6,True,470,1561.4397999999976,1560.0,2024-02-13
384,internal_medicine,South,en,0.712,360,M,34,Other,group,5,18,True,495,1561.4666999999977,1560.0,2024-02-18
385,family_practice,South,es,0.885,360,F,63,Hispanic,solo,2,4,True,461,1560.4631999999979,1560.0,2024-02-24
386,pediatrics,North,en,0.881,360,M,56,Other,solo,4,40,True,519,1560.799199999997,1560.0,2024-03-02
387,family_practice,South,en,0.79,360,F,35,White,group,1,28,True,481,1561.9753999999975,1560.0,2024-03-09
388,internal_medicine,West,zh,0.924,360,M,51,Hispanic,group,5,29,True,534,1563.0397999999961,1560.0,2024-03-18
389,family_practice,West,en,0.649,360,M,36,Hispanic,solo,2,13,True,530,1565.1404999999957,1560.0,2024-03-25
390,family_practice,South,zh,0.653,360,F,47,White,group,2,31,True,556,1563.1075999999978,1560.0,2024-04-17
391,pediatrics,North,zh,0.873,360,F,51,Other,solo,3,25,True,624,1551.5411999999942,1560.0,2024-04-30
392,internal_medicine,Central,zh,0.838,360,F,64,Black,solo,5,32,True,593,1560.0339999999971,1560.0,2024-04-30
393,family_practice,North,zh,0.889,360,M,30,Hispanic,group,3,20,True,588,1562.042099999995,1560.0,2024-05-22
394,family_practice,South,en,0.844,360,M,57,Other,solo,5,21,True,697,1560.2025999999914,1560.0,2024-07-23
395,internal_medicine,East,es,0.845,360,F,63,White,solo,1,40,True,361,824.3619000000017,1560.0,2024-08-03
396,family_practice,Central,es,0.96,360,M,43,Asian,group,3,37,True,57,115.04200000000003,1560.0,2024-12-13
